ATP,Location,Tournament,Date,Series,Court,Surface,Round,Best of,Winner,Loser,WRank,LRank,WPts,LPts,W1,L1,W2,L2,W3,L3,W4,L4,W5,L5,Wsets,Lsets,Comment,B365W,B365L,PSW,PSL,MaxW,MaxL,AvgW,AvgL,la,lb,t
1,Brisbane,Brisbane International,12/31/2023,ATP250,Outdoor,Hard,1st Round,3,Popyrin A.,O Connell C.,40,68.0,1084,780.0,6.0,4.0,6.0,7.0,7.0,6.0,,,,,2.0,1.0,Completed,1.62,2.3,1.72,2.23,1.77,2.32,1.68,2.17,popyrin,connell,brisbane
3,Adelaide,Adelaide International,1/9/2024,ATP250,Outdoor,Hard,1st Round,3,O Connell C.,Rinderknech A.,71,97.0,780,626.0,6.0,4.0,6.0,4.0,,,,,,,2.0,0.0,Completed,2.1,1.73,2.1,1.81,2.1,1.81,2.06,1.75,connell,rinderknech,adelaide
3,Adelaide,Adelaide International,1/10/2024,ATP250,Outdoor,Hard,2nd Round,3,O Connell C.,Shevchenko A.,71,48.0,780,961.0,6.0,3.0,6.0,1.0,,,,,,,2.0,0.0,Completed,2.3,1.62,2.13,1.8,2.32,1.8,2.13,1.71,connell,shevchenko,adelaide
3,Adelaide,Adelaide International,1/11/2024,ATP250,Outdoor,Hard,Quarterfinals,3,Korda S.,O Connell C.,29,71.0,1380,780.0,6.0,4.0,6.0,4.0,,,,,,,2.0,0.0,Completed,1.4,3.0,1.47,2.92,1.47,3.2,1.4,2.92,korda,connell,adelaide
4,Auckland,ASB Classic,1/9/2024,ATP250,Outdoor,Hard,2nd Round,3,Altmaier D.,Auger-Aliassime F.,57,27.0,906,1425.0,7.0,6.0,7.0,5.0,,,,,,,2.0,0.0,Completed,3.0,1.4,3.2,1.41,3.2,1.42,2.96,1.39,altmaier,auger-aliassime,auckland
5,Melbourne,Australian Open,1/14/2024,Grand Slam,Outdoor,Hard,1st Round,5,O Connell C.,Garin C.,68,86.0,814,680.0,3.0,6.0,7.0,5.0,4.0,6.0,6.0,1.0,7.0,5.0,3.0,2.0,Completed,1.44,2.75,1.43,3.08,1.48,3.16,1.41,2.95,connell,garin,australian open
5,Melbourne,Australian Open,1/15/2024,Grand Slam,Outdoor,Hard,1st Round,5,Auger-Aliassime F.,Thiem D.,30,92.0,1425,654.0,6.0,3.0,7.0,5.0,6.0,7.0,5.0,7.0,6.0,3.0,3.0,2.0,Completed,1.44,2.75,1.45,2.97,1.5,3.01,1.45,2.8,auger-aliassime,thiem,australian open
5,Melbourne,Australian Open,1/16/2024,Grand Slam,Outdoor,Hard,1st Round,5,Norrie C.,Varillas J. P.,22,81.0,1710,709.0,6.0,4.0,6.0,4.0,6.0,2.0,,,,,3.0,0.0,Completed,1.1,7.0,1.13,7.18,1.17,7.18,1.13,6.18,norrie,j.,australian open
5,Melbourne,Australian Open,1/16/2024,Grand Slam,Outdoor,Hard,1st Round,5,Ruud C.,Ramos-Vinolas A.,11,85.0,2910,688.0,6.0,1.0,6.0,3.0,6.0,1.0,,,,,3.0,0.0,Completed,1.02,19.0,1.05,16.05,1.05,28.0,1.02,15.52,ruud,ramos-vinolas,australian open
5,Melbourne,Australian Open,1/17/2024,Grand Slam,Outdoor,Hard,2nd Round,5,Shelton B.,O Connell C.,16,68.0,2225,814.0,6.0,4.0,6.0,1.0,3.0,6.0,7.0,6.0,,,3.0,1.0,Completed,1.25,4.0,1.28,4.16,1.29,4.6,1.26,3.94,shelton,connell,australian open
5,Melbourne,Australian Open,1/18/2024,Grand Slam,Outdoor,Hard,2nd Round,5,Auger-Aliassime F.,Grenier H.,30,178.0,1425,340.0,6.0,1.0,3.0,6.0,6.0,1.0,6.0,2.0,,,3.0,1.0,Completed,1.13,6.0,1.11,8.12,1.15,8.12,1.1,6.83,auger-aliassime,grenier,australian open
5,Melbourne,Australian Open,1/20/2024,Grand Slam,Outdoor,Hard,3rd Round,5,Medvedev D.,Auger-Aliassime F.,3,30.0,7555,1425.0,6.0,3.0,6.0,4.0,6.0,3.0,,,,,3.0,0.0,Completed,1.17,5.0,1.22,4.86,1.24,5.05,1.2,4.65,medvedev,auger-aliassime,australian open
6,Montpellier,Open Sud de France,2/1/2024,ATP250,Indoor,Hard,2nd Round,3,Auger-Aliassime F.,Cazaux A.,30,83.0,1345,696.0,7.0,5.0,2.0,6.0,7.0,6.0,,,,,2.0,1.0,Completed,2.0,1.8,2.1,1.83,2.1,1.83,2.01,1.79,auger-aliassime,cazaux,montpellier
6,Montpellier,Open Sud de France,2/2/2024,ATP250,Indoor,Hard,Quarterfinals,3,Auger-Aliassime F.,Mayot H.,30,144.0,1345,449.0,7.0,5.0,6.0,1.0,,,,,,,2.0,0.0,Completed,1.29,3.75,1.26,4.29,1.32,4.29,1.25,3.84,auger-aliassime,mayot,montpellier
6,Montpellier,Open Sud de France,2/3/2024,ATP250,Indoor,Hard,Semifinals,3,Bublik A.,Auger-Aliassime F.,27,30.0,1459,1345.0,4.0,6.0,6.0,4.0,6.0,4.0,,,,,2.0,1.0,Completed,2.63,1.5,2.62,1.56,2.75,1.56,2.59,1.49,bublik,auger-aliassime,montpellier
7,Cordoba,Cordoba Open,2/5/2024,ATP250,Outdoor,Clay,1st Round,3,Ramos-Vinolas A.,Cachin P.,84,73.0,688,763.0,6.0,4.0,3.0,6.0,6.0,1.0,,,,,2.0,1.0,Completed,2.1,1.73,2.22,1.73,2.22,1.77,2.11,1.71,ramos-vinolas,cachin,cordoba
7,Cordoba,Cordoba Open,2/6/2024,ATP250,Outdoor,Clay,1st Round,3,Darderi L.,Barrios M.,136,108.0,491,578.0,4.0,6.0,6.0,1.0,6.0,2.0,,,,,2.0,1.0,Completed,1.44,2.75,1.43,3.05,1.46,3.05,1.42,2.81,darderi,barrios,cordoba
7,Cordoba,Cordoba Open,2/7/2024,ATP250,Outdoor,Clay,2nd Round,3,Coria F.,Ramos-Vinolas A.,93,84.0,638,688.0,6.0,1.0,6.0,3.0,,,,,,,2.0,0.0,Completed,1.67,2.2,1.82,2.11,1.82,2.25,1.73,2.09,coria,ramos-vinolas,cordoba
9,Marseille,Open 13,2/7/2024,ATP250,Indoor,Hard,1st Round,3,Auger-Aliassime F.,Halys Q.,28,101.0,1445,615.0,6.0,2.0,7.0,5.0,,,,,,,2.0,0.0,Completed,1.25,4.0,1.26,4.23,1.26,4.25,1.24,3.94,auger-aliassime,halys,marseille
9,Marseille,Open 13,2/8/2024,ATP250,Indoor,Hard,2nd Round,3,Zhang Zh.,Auger-Aliassime F.,50,28.0,951,1445.0,6.0,4.0,6.0,4.0,,,,,,,2.0,0.0,Completed,4.0,1.25,4.37,1.27,4.37,1.28,3.89,1.25,zhang,auger-aliassime,marseille
12,Rotterdam,ABN AMRO World Tennis Tournament,2/12/2024,ATP500,Indoor,Hard,1st Round,3,Auger-Aliassime F.,Cressy M.,28,170.0,1460,368.0,7.0,6.0,7.0,6.0,,,,,,,2.0,0.0,Completed,1.29,3.75,1.29,3.9,1.33,3.9,1.3,3.46,auger-aliassime,cressy,rotterdam
12,Rotterdam,ABN AMRO World Tennis Tournament,2/14/2024,ATP500,Indoor,Hard,2nd Round,3,Rublev A.,Auger-Aliassime F.,5,28.0,5050,1460.0,3.0,6.0,7.0,6.0,7.0,5.0,,,,,2.0,1.0,Completed,1.44,2.75,1.48,2.86,1.49,3.08,1.44,2.73,rublev,auger-aliassime,rotterdam
13,Doha,Qatar Exxon Mobil Open,2/20/2024,ATP250,Outdoor,Hard,1st Round,3,O Connell C.,Struff J.L.,65,25.0,854,1531.0,6.0,4.0,6.0,4.0,,,,,,,2.0,0.0,Completed,2.38,1.57,2.43,1.62,2.43,1.62,2.36,1.57,connell,struff,doha
13,Doha,Qatar Exxon Mobil Open,2/21/2024,ATP250,Outdoor,Hard,2nd Round,3,Ruusuvuori E.,O Connell C.,43,65.0,1011,854.0,6.0,3.0,6.0,3.0,,,,,,,2.0,0.0,Completed,1.3,3.5,1.37,3.4,1.38,3.5,1.33,3.22,ruusuvuori,connell,doha
15,Rio de Janeiro,Rio Open,2/19/2024,ATP500,Outdoor,Clay,1st Round,3,Ramos-Vinolas A.,Varillas J.P.,96,108.0,623,582.0,3.0,6.0,6.0,3.0,7.0,5.0,,,,,2.0,1.0,Completed,2.2,1.67,2.3,1.68,2.3,1.73,2.21,1.65,ramos-vinolas,varillas,rio de janeiro
15,Rio de Janeiro,Rio Open,2/19/2024,ATP500,Outdoor,Clay,1st Round,3,Barrios M.,Heide G.,120,236.0,533,249.0,7.0,5.0,6.0,3.0,,,,,,,2.0,0.0,Completed,1.73,2.1,1.77,2.16,1.8,2.16,1.72,2.08,barrios,heide,rio de janeiro
15,Rio de Janeiro,Rio Open,2/21/2024,ATP500,Outdoor,Clay,2nd Round,3,Cerundolo F.,Ramos-Vinolas A.,22,96.0,1685,623.0,6.0,2.0,6.0,1.0,,,,,,,2.0,0.0,Completed,1.4,3.0,1.4,3.2,1.4,3.2,1.38,2.95,cerundolo,ramos-vinolas,rio de janeiro
15,Rio de Janeiro,Rio Open,2/22/2024,ATP500,Outdoor,Clay,2nd Round,3,Norrie C.,Barrios M.,23,120.0,1680,533.0,6.0,1.0,6.0,1.0,,,,,,,2.0,0.0,Completed,1.14,5.5,1.19,5.51,1.19,5.51,1.16,5.03,norrie,barrios,rio de janeiro
16,Acapulco,Abierto Mexicano,2/27/2024,ATP500,Outdoor,Hard,1st Round,3,Cobolli F.,Auger-Aliassime F.,69,30.0,825,1340.0,2.0,6.0,6.0,3.0,6.0,2.0,,,,,2.0,1.0,Completed,3.0,1.4,3.32,1.37,3.5,1.4,3.08,1.36,cobolli,auger-aliassime,acapulco
17,Dubai ,Dubai Tennis Championships,2/27/2024,ATP500,Outdoor,Hard,1st Round,3,O Connell C.,Marterer M.,68,96.0,834,612.0,6.0,2.0,6.0,4.0,,,,,,,2.0,0.0,Completed,1.67,2.2,1.67,2.33,1.85,2.33,1.68,2.16,connell,marterer,dubai
17,Dubai ,Dubai Tennis Championships,2/28/2024,ATP500,Outdoor,Hard,2nd Round,3,Hurkacz H.,O Connell C.,8,68.0,3395,834.0,7.0,6.0,6.0,4.0,,,,,,,2.0,0.0,Completed,1.13,6.0,1.19,5.36,1.19,6.25,1.15,5.18,hurkacz,connell,dubai
18,Santiago,Chile Open,2/27/2024,ATP250,Indoor,Clay,1st Round,3,Ramos-Vinolas A.,Dellien H.,104,157.0,583,399.0,6.0,3.0,6.0,2.0,,,,,,,2.0,0.0,Completed,2.1,1.73,2.14,1.78,2.14,1.78,2.08,1.72,ramos-vinolas,dellien,santiago
18,Santiago,Chile Open,2/27/2024,ATP250,Indoor,Clay,1st Round,3,Barrios M.,Garin C.,111,83.0,563,710.0,7.0,6.0,7.0,5.0,,,,,,,2.0,0.0,Completed,3.0,1.4,3.04,1.43,3.04,1.45,2.86,1.41,barrios,garin,santiago
18,Santiago,Chile Open,2/29/2024,ATP250,Indoor,Clay,2nd Round,3,Munar J.,Ramos-Vinolas A.,70,104.0,816,583.0,6.0,3.0,6.0,1.0,,,,,,,2.0,0.0,Completed,1.36,3.2,1.4,3.22,1.4,3.22,1.36,3.06,munar,ramos-vinolas,santiago
18,Santiago,Chile Open,2/29/2024,ATP250,Indoor,Clay,2nd Round,3,Tabilo A.,Barrios M.,51,111.0,951,563.0,6.0,2.0,7.0,5.0,,,,,,,2.0,0.0,Completed,1.44,2.75,1.47,2.91,1.47,2.91,1.44,2.72,tabilo,barrios,santiago
19,Indian Wells,BNP Paribas Open,3/6/2024,Masters 1000,Outdoor,Hard,1st Round,3,O Connell C.,Draper J.,66,37.0,819,1151.0,1.0,6.0,6.0,3.0,6.0,2.0,,,,,2.0,1.0,Completed,4.33,1.22,4.78,1.22,4.78,1.25,4.43,1.21,connell,draper,indian wells masters
19,Indian Wells,BNP Paribas Open,3/8/2024,Masters 1000,Outdoor,Hard,2nd Round,3,Auger-Aliassime F.,Lestienne C.,31,100.0,1295,606.0,6.0,4.0,6.0,1.0,,,,,,,2.0,0.0,Completed,1.25,4.0,1.24,4.45,1.26,4.45,1.24,4.08,auger-aliassime,lestienne,indian wells masters
19,Indian Wells,BNP Paribas Open,3/8/2024,Masters 1000,Outdoor,Hard,2nd Round,3,Zverev A.,O Connell C.,6,66.0,4950,819.0,6.0,4.0,6.0,4.0,,,,,,,2.0,0.0,Completed,1.14,5.5,1.19,5.44,1.19,5.55,1.17,5.13,zverev,connell,indian wells masters
19,Indian Wells,BNP Paribas Open,3/10/2024,Masters 1000,Outdoor,Hard,3rd Round,3,Alcaraz C.,Auger-Aliassime F.,2,31.0,8805,1295.0,6.0,2.0,6.0,3.0,,,,,,,2.0,0.0,Completed,1.2,4.5,1.22,4.96,1.22,5.0,1.2,4.6,alcaraz,auger-aliassime,indian wells masters
20,Miami,Miami Open,3/20/2024,Masters 1000,Outdoor,Hard,1st Round,3,O Connell C.,Kopriva V.,66,116.0,833,531.0,6.0,2.0,6.0,4.0,,,,,,,2.0,0.0,Completed,1.29,3.75,1.34,3.54,1.35,3.75,1.3,3.45,connell,kopriva,miami masters
20,Miami,Miami Open,3/21/2024,Masters 1000,Outdoor,Hard,1st Round,3,Auger-Aliassime F.,Walton A.,36,150.0,1165,445.0,7.0,5.0,6.0,4.0,,,,,,,2.0,0.0,Completed,1.22,4.33,1.25,4.32,1.25,4.34,1.23,4.05,auger-aliassime,walton,miami masters
20,Miami,Miami Open,3/23/2024,Masters 1000,Outdoor,Hard,2nd Round,3,O Connell C.,Tiafoe F.,66,22.0,833,1805.0,7.0,5.0,7.0,6.0,,,,,,,2.0,0.0,Completed,2.63,1.5,2.7,1.52,2.75,1.53,2.62,1.49,connell,tiafoe,miami masters
20,Miami,Miami Open,3/23/2024,Masters 1000,Outdoor,Hard,2nd Round,3,Zverev A.,Auger-Aliassime F.,5,36.0,5060,1165.0,6.0,2.0,6.0,4.0,,,,,,,2.0,0.0,Completed,1.4,3.0,1.42,3.07,1.44,3.1,1.4,2.92,zverev,auger-aliassime,miami masters
20,Miami,Miami Open,3/24/2024,Masters 1000,Outdoor,Hard,3rd Round,3,O Connell C.,Damm M.,66,204.0,833,296.0,7.0,6.0,7.0,6.0,,,,,,,2.0,0.0,Completed,1.4,3.0,1.43,3.08,1.44,3.1,1.4,2.93,connell,damm,miami masters
20,Miami,Miami Open,3/26/2024,Masters 1000,Outdoor,Hard,4th Round,3,Sinner J.,O Connell C.,3,66.0,8310,833.0,6.0,4.0,6.0,3.0,,,,,,,2.0,0.0,Completed,1.05,11.0,1.06,13.39,1.06,13.39,1.05,10.42,sinner,connell,miami masters
23,Marrakech,Grand Prix Hassan II,4/2/2024,ATP250,Outdoor,Clay,1st Round,3,Wawrinka S.,Ramos-Vinolas A.,82,103.0,717,590.0,6.0,1.0,6.0,4.0,,,,,,,2.0,0.0,Completed,1.44,2.75,1.43,3.05,1.47,3.05,1.42,2.83,wawrinka,ramos-vinolas,marrakech
24,Monte Carlo,Monte Carlo Masters,4/8/2024,Masters 1000,Outdoor,Clay,1st Round,3,Auger-Aliassime F.,Nardi L.,35,76.0,1150,748.0,6.0,2.0,6.0,3.0,,,,,,,2.0,0.0,Completed,1.67,2.2,1.68,2.31,1.68,2.33,1.63,2.26,auger-aliassime,nardi,monte carlo masters
24,Monte Carlo,Monte Carlo Masters,4/8/2024,Masters 1000,Outdoor,Clay,1st Round,3,Tabilo A.,O Connell C.,45,62.0,1051,886.0,6.0,3.0,6.0,4.0,,,,,,,2.0,0.0,Completed,1.57,2.38,1.58,2.52,1.6,2.75,1.55,2.44,tabilo,connell,monte carlo masters
24,Monte Carlo,Monte Carlo Masters,4/10/2024,Masters 1000,Outdoor,Clay,2nd Round,3,Sonego L.,Auger-Aliassime F.,57,35.0,915,1150.0,6.0,4.0,7.0,5.0,,,,,,,2.0,0.0,Completed,2.63,1.5,2.7,1.53,2.7,1.53,2.59,1.49,sonego,auger-aliassime,monte carlo masters
25,Barcelona,Barcelona Open,4/15/2024,ATP500,Outdoor,Clay,1st Round,3,Muller A.,Ramos-Vinolas A.,110,108.0,560,590.0,7.0,6.0,6.0,0.0,,,,,,,2.0,0.0,Completed,1.73,2.1,1.65,2.37,1.75,2.37,1.66,2.22,muller,ramos-vinolas,barcelona
27,Munich,BMW Open,4/16/2024,ATP250,Outdoor,Clay,1st Round,3,Daniel T.,O Connell C.,85,58.0,702,896.0,6.0,3.0,6.0,4.0,,,,,,,2.0,0.0,Completed,2.5,1.53,2.59,1.55,2.59,1.55,2.49,1.52,daniel,connell,munich
27,Munich,BMW Open,4/16/2024,ATP250,Outdoor,Clay,1st Round,3,Auger-Aliassime F.,Marterer M.,34,101.0,1200,616.0,6.0,7.0,7.0,6.0,7.0,6.0,,,,,2.0,1.0,Completed,1.2,4.5,1.23,4.59,1.25,4.59,1.21,4.31,auger-aliassime,marterer,munich
27,Munich,BMW Open,4/18/2024,ATP250,Outdoor,Clay,2nd Round,3,Auger-Aliassime F.,Daniel T.,34,85.0,1200,702.0,6.0,3.0,6.0,2.0,,,,,,,2.0,0.0,Completed,1.33,3.4,1.32,3.72,1.33,3.73,1.31,3.37,auger-aliassime,daniel,munich
27,Munich,BMW Open,4/20/2024,ATP250,Outdoor,Clay,Quarterfinals,3,Struff J.L.,Auger-Aliassime F.,28,34.0,1388,1200.0,7.0,5.0,6.0,4.0,,,,,,,2.0,0.0,Completed,1.91,1.91,2.05,1.86,2.05,1.95,1.91,1.9,struff,auger-aliassime,munich
28,Madrid,Mutua Madrid Open,4/25/2024,Masters 1000,Outdoor,Clay,1st Round,3,Auger-Aliassime F.,Nishioka Y.,35,78.0,1240,743.0,4.0,6.0,6.0,1.0,6.0,4.0,,,,,2.0,1.0,Completed,1.22,4.33,1.25,4.32,1.27,4.6,1.22,4.18,auger-aliassime,nishioka,madrid masters
28,Madrid,Mutua Madrid Open,4/25/2024,Masters 1000,Outdoor,Clay,1st Round,3,Arnaldi M.,O Connell C.,36,67.0,1191,822.0,6.0,4.0,6.0,1.0,,,,,,,2.0,0.0,Completed,1.33,3.4,1.35,3.46,1.4,3.5,1.34,3.22,arnaldi,connell,madrid masters
28,Madrid,Mutua Madrid Open,4/25/2024,Masters 1000,Outdoor,Clay,1st Round,3,Kotov P.,Ramos-Vinolas A.,72,105.0,787,590.0,6.0,3.0,6.0,4.0,,,,,,,2.0,0.0,Completed,1.62,2.3,1.69,2.29,1.69,2.35,1.64,2.24,kotov,ramos-vinolas,madrid masters
28,Madrid,Mutua Madrid Open,4/27/2024,Masters 1000,Outdoor,Clay,2nd Round,3,Auger-Aliassime F.,Mannarino A.,35,20.0,1240,1875.0,6.0,0.0,6.0,4.0,,,,,,,2.0,0.0,Completed,1.11,6.5,1.15,6.42,1.18,6.5,1.13,5.85,auger-aliassime,mannarino,madrid masters
28,Madrid,Mutua Madrid Open,4/30/2024,Masters 1000,Outdoor,Clay,4th Round,3,Auger-Aliassime F.,Ruud C.,35,6.0,1240,4480.0,6.0,4.0,7.0,5.0,,,,,,,2.0,0.0,Completed,4.0,1.25,4.1,1.28,4.1,1.29,3.79,1.26,auger-aliassime,ruud,madrid masters
28,Madrid,Mutua Madrid Open,5/5/2024,Masters 1000,Outdoor,Clay,The Final,3,Rublev A.,Auger-Aliassime F.,8,35.0,3830,1240.0,4.0,6.0,7.0,5.0,7.0,5.0,,,,,2.0,1.0,Completed,1.33,3.4,1.35,3.52,1.36,3.53,1.33,3.32,rublev,auger-aliassime,madrid masters
29,Rome,Internazionali BNL d'Italia,5/11/2024,Masters 1000,Outdoor,Clay,2nd Round,3,Auger-Aliassime F.,Van De Zandschulp B.,20,112.0,1880,565.0,6.0,1.0,7.0,6.0,,,,,,,2.0,0.0,Completed,1.4,3.0,1.44,3.03,1.44,3.06,1.4,2.93,auger-aliassime,zandschulp,rome masters
29,Rome,Internazionali BNL d'Italia,5/13/2024,Masters 1000,Outdoor,Clay,3rd Round,3,De Minaur A.,Auger-Aliassime F.,11,20.0,3435,1880.0,6.0,7.0,6.0,4.0,6.0,4.0,,,,,2.0,1.0,Completed,1.57,2.38,1.66,2.37,1.66,2.4,1.61,2.31,minaur,auger-aliassime,rome masters
31,Lyon,Lyon Open,5/21/2024,ATP250,Outdoor,Clay,1st Round,3,Mpetshi G.,Sonego L.,117,50.0,541,991.0,6.0,3.0,6.0,4.0,,,,,,,2.0,0.0,Completed,2.3,1.62,2.62,1.54,2.63,1.62,2.46,1.54,mpetshi,sonego,lyon
31,Lyon,Lyon Open,5/23/2024,ATP250,Outdoor,Clay,Quarterfinals,3,Mpetshi G.,Gaston H.,117,104.0,541,610.0,6.0,4.0,4.0,6.0,6.0,3.0,,,,,2.0,1.0,Completed,1.67,2.2,1.76,2.19,1.8,2.2,1.71,2.11,mpetshi,gaston,lyon
31,Lyon,Lyon Open,5/24/2024,ATP250,Outdoor,Clay,Semifinals,3,Mpetshi G.,Bublik A.,117,19.0,541,2020.0,6.0,4.0,7.0,5.0,,,,,,,2.0,0.0,Completed,2.3,1.62,2.41,1.64,2.53,1.65,2.32,1.6,mpetshi,bublik,lyon
31,Lyon,Lyon Open,5/25/2024,ATP250,Outdoor,Clay,The Final,3,Mpetshi G.,Etcheverry T.,117,29.0,541,1410.0,6.0,4.0,1.0,6.0,7.0,6.0,,,,,2.0,1.0,Completed,3.2,1.36,3.31,1.38,3.31,1.44,3.11,1.36,mpetshi,etcheverry,lyon
32,Paris,French Open,5/26/2024,Grand Slam,Outdoor,Clay,1st Round,5,Nakashima B.,Moreno De Alboran N.,84,130.0,700,497.0,6.0,1.0,6.0,7.0,6.0,3.0,6.0,2.0,,,3.0,1.0,Completed,1.57,2.38,1.54,2.66,1.59,2.66,1.54,2.49,nakashima,alboran,paris masters
32,Paris,French Open,5/26/2024,Grand Slam,Outdoor,Clay,1st Round,5,Rublev A.,Daniel T.,6,80.0,4700,715.0,6.0,2.0,6.0,7.0,6.0,3.0,7.0,5.0,,,3.0,1.0,Completed,1.04,13.0,1.06,14.08,1.08,14.08,1.05,11.4,rublev,daniel,paris masters
32,Paris,French Open,5/26/2024,Grand Slam,Outdoor,Clay,1st Round,5,Martinez P.,Tirante T.A.,48,109.0,995,580.0,5.0,7.0,6.0,4.0,3.0,6.0,6.0,4.0,6.0,3.0,3.0,2.0,Completed,1.29,3.75,1.31,3.91,1.35,3.91,1.3,3.58,martinez,tirante,paris masters
32,Paris,French Open,5/26/2024,Grand Slam,Outdoor,Clay,1st Round,5,Sonego L.,Humbert U.,49,16.0,991,2285.0,6.0,4.0,2.0,6.0,6.0,4.0,6.0,3.0,,,3.0,1.0,Completed,2.5,1.53,2.75,1.52,2.75,1.57,2.59,1.51,sonego,humbert,paris masters
32,Paris,French Open,5/26/2024,Grand Slam,Outdoor,Clay,1st Round,5,Zhang Zh.,Vukic A.,44,89.0,1056,672.0,6.0,4.0,4.0,6.0,6.0,3.0,7.0,5.0,,,3.0,1.0,Completed,1.36,3.2,1.39,3.3,1.39,3.43,1.35,3.22,zhang,vukic,paris masters
32,Paris,French Open,5/26/2024,Grand Slam,Outdoor,Clay,1st Round,5,De Jong J.,Draper J.,176,39.0,344,1131.0,7.0,5.0,6.0,4.0,6.0,7.0,3.0,6.0,6.0,3.0,3.0,2.0,Completed,4.5,1.2,4.22,1.27,4.54,1.29,4.12,1.24,jong,draper,paris masters
32,Paris,French Open,5/26/2024,Grand Slam,Outdoor,Clay,1st Round,5,Hurkacz H.,Mochizuki S.,8,162.0,3885,366.0,4.0,6.0,6.0,3.0,3.0,6.0,6.0,0.0,6.0,3.0,3.0,2.0,Completed,1.03,15.0,1.05,15.11,1.09,15.11,1.04,12.27,hurkacz,mochizuki,paris masters
32,Paris,French Open,5/26/2024,Grand Slam,Outdoor,Clay,1st Round,5,Dimitrov G.,Kovacevic A.,10,87.0,3555,681.0,6.0,4.0,6.0,3.0,6.0,4.0,,,,,3.0,0.0,Completed,1.08,8.0,1.1,8.78,1.12,8.85,1.09,7.5,dimitrov,kovacevic,paris masters
32,Paris,French Open,5/26/2024,Grand Slam,Outdoor,Clay,1st Round,5,Marterer M.,Thompson J.,101,36.0,622,1156.0,6.0,3.0,6.0,2.0,6.0,0.0,,,,,3.0,0.0,Completed,2.3,1.62,2.51,1.6,2.71,1.63,2.42,1.57,marterer,thompson,paris masters
32,Paris,French Open,5/26/2024,Grand Slam,Outdoor,Clay,1st Round,5,Alcaraz C.,Wolf J.J.,3,107.0,7300,585.0,6.0,1.0,6.0,2.0,6.0,1.0,,,,,3.0,0.0,Completed,1.01,26.0,1.01,41.77,1.03,41.77,1.01,23.24,alcaraz,wolf,paris masters
32,Paris,French Open,5/26/2024,Grand Slam,Outdoor,Clay,1st Round,5,Gasquet R.,Coric B.,124,73.0,515,744.0,7.0,6.0,7.0,6.0,6.0,4.0,,,,,3.0,0.0,Completed,3.2,1.36,3.23,1.4,3.25,1.41,3.1,1.37,gasquet,coric,paris masters
32,Paris,French Open,5/26/2024,Grand Slam,Outdoor,Clay,1st Round,5,Muller A.,Nardi L.,90,72.0,670,748.0,6.0,4.0,6.0,1.0,6.0,3.0,,,,,3.0,0.0,Completed,1.53,2.5,1.6,2.52,1.62,2.54,1.56,2.44,muller,nardi,paris masters
32,Paris,French Open,5/26/2024,Grand Slam,Outdoor,Clay,1st Round,5,Bergs Z.,Tabilo A.,104,24.0,611,1645.0,3.0,6.0,7.0,6.0,6.0,2.0,6.0,2.0,,,3.0,1.0,Completed,3.2,1.36,3.3,1.39,3.3,1.4,3.12,1.37,bergs,tabilo,paris masters
32,Paris,French Open,5/26/2024,Grand Slam,Outdoor,Clay,1st Round,5,Nishikori K.,Diallo G.,350,166.0,143,360.0,7.0,5.0,7.0,6.0,3.0,6.0,1.0,6.0,7.0,5.0,3.0,2.0,Completed,2.75,1.44,2.54,1.58,2.8,1.58,2.56,1.52,nishikori,diallo,paris masters
32,Paris,French Open,5/26/2024,Grand Slam,Outdoor,Clay,1st Round,5,Marozsan F.,Kukushkin M.,43,136.0,1083,492.0,6.0,2.0,6.0,2.0,6.0,3.0,,,,,3.0,0.0,Completed,1.25,4.0,1.27,4.26,1.33,4.26,1.26,3.93,marozsan,kukushkin,paris masters
32,Paris,French Open,5/26/2024,Grand Slam,Outdoor,Clay,1st Round,5,Korda S.,Mayot H.,28,122.0,1565,522.0,6.0,2.0,7.0,6.0,6.0,4.0,,,,,3.0,0.0,Completed,1.17,5.0,1.21,4.99,1.22,5.05,1.19,4.71,korda,mayot,paris masters
32,Paris,French Open,5/26/2024,Grand Slam,Outdoor,Clay,1st Round,5,Altmaier D.,Djere L.,83,52.0,702,960.0,7.0,5.0,6.0,4.0,6.0,7.0,5.0,7.0,7.0,6.0,3.0,2.0,Completed,1.53,2.5,1.61,2.49,1.61,2.55,1.56,2.44,altmaier,djere,paris masters
32,Paris,French Open,5/26/2024,Grand Slam,Outdoor,Clay,1st Round,5,Moutet C.,Jarry N.,79,19.0,720,2075.0,6.0,2.0,6.0,1.0,3.0,6.0,6.0,0.0,,,3.0,1.0,Completed,2.75,1.44,2.88,1.48,2.95,1.5,2.81,1.44,moutet,jarry,paris masters
32,Paris,French Open,5/26/2024,Grand Slam,Outdoor,Clay,1st Round,5,Ofner S.,Atmane T.,45,121.0,1038,525.0,3.0,6.0,4.0,6.0,7.0,6.0,6.0,2.0,7.0,5.0,3.0,2.0,Completed,1.57,2.38,1.56,2.62,1.59,2.62,1.54,2.5,ofner,atmane,paris masters
32,Paris,French Open,5/26/2024,Grand Slam,Outdoor,Clay,1st Round,5,Wawrinka S.,Murray A.,98,75.0,628,728.0,6.0,4.0,6.0,4.0,6.0,2.0,,,,,3.0,0.0,Completed,1.53,2.5,1.58,2.54,1.62,2.54,1.55,2.46,wawrinka,murray,paris masters
32,Paris,French Open,5/27/2024,Grand Slam,Outdoor,Clay,1st Round,5,Kwon S.W.,Ruusuvuori E.,494,67.0,85,783.0,6.0,3.0,6.0,4.0,6.0,3.0,,,,,3.0,0.0,Completed,6.0,1.13,6.2,1.16,6.85,1.17,5.86,1.14,kwon,ruusuvuori,paris masters
32,Paris,French Open,5/27/2024,Grand Slam,Outdoor,Clay,1st Round,5,Shevchenko A.,Karatsev A.,59,82.0,855,705.0,6.0,4.0,4.0,6.0,1.0,6.0,6.0,1.0,6.0,4.0,3.0,2.0,Completed,1.57,2.38,1.62,2.47,1.63,2.5,1.58,2.41,shevchenko,karatsev,paris masters
32,Paris,French Open,5/27/2024,Grand Slam,Outdoor,Clay,1st Round,5,Sinner J.,Eubanks C.,2,46.0,8770,1028.0,6.0,3.0,6.0,3.0,6.0,4.0,,,,,3.0,0.0,Completed,1.02,19.0,1.02,27.95,1.04,27.95,1.02,17.1,sinner,eubanks,paris masters
32,Paris,French Open,5/27/2024,Grand Slam,Outdoor,Clay,1st Round,5,Squire H.,Purcell M.,221,94.0,280,647.0,6.0,2.0,6.0,2.0,3.0,6.0,4.0,6.0,7.0,6.0,3.0,2.0,Completed,1.44,2.75,1.51,2.75,1.56,2.78,1.48,2.68,squire,purcell,paris masters
32,Paris,French Open,5/27/2024,Grand Slam,Outdoor,Clay,1st Round,5,Shelton B.,Gaston H.,15,88.0,2500,673.0,3.0,6.0,6.0,3.0,6.0,4.0,6.0,4.0,,,3.0,1.0,Completed,1.4,3.0,1.41,3.19,1.44,3.19,1.4,2.96,shelton,gaston,paris masters
32,Paris,French Open,5/27/2024,Grand Slam,Outdoor,Clay,1st Round,5,Auger-Aliassime F.,Nishioka Y.,21,70.0,1885,766.0,6.0,2.0,6.0,4.0,6.0,4.0,,,,,3.0,0.0,Completed,1.2,4.5,1.2,5.32,1.22,5.36,1.19,4.87,auger-aliassime,nishioka,paris masters
32,Paris,French Open,5/27/2024,Grand Slam,Outdoor,Clay,1st Round,5,Baez S.,Heide G.,20,174.0,1990,346.0,4.0,6.0,6.0,3.0,6.0,1.0,4.0,6.0,6.0,3.0,3.0,2.0,Completed,1.17,5.0,1.17,5.84,1.22,5.84,1.17,5.18,baez,heide,paris masters
32,Paris,French Open,5/27/2024,Grand Slam,Outdoor,Clay,1st Round,5,Arnaldi M.,Fils A.,35,38.0,1165,1145.0,6.0,3.0,4.0,6.0,6.0,4.0,6.0,2.0,,,3.0,1.0,Completed,2.2,1.67,2.04,1.87,2.27,1.87,2.07,1.77,arnaldi,fils,paris masters
32,Paris,French Open,5/27/2024,Grand Slam,Outdoor,Clay,1st Round,5,Tsitsipas S.,Fucsovics M.,9,54.0,3700,922.0,7.0,6.0,6.0,4.0,6.0,1.0,,,,,3.0,0.0,Completed,1.1,7.0,1.12,7.63,1.14,7.63,1.11,6.77,tsitsipas,fucsovics,paris masters
32,Paris,French Open,5/27/2024,Grand Slam,Outdoor,Clay,1st Round,5,Kovalik J.,Giron M.,145,50.0,427,990.0,7.0,6.0,6.0,4.0,3.0,6.0,7.0,6.0,,,3.0,1.0,Completed,2.0,1.8,2.12,1.81,2.2,1.82,2.09,1.77,kovalik,giron,paris masters
32,Paris,French Open,5/27/2024,Grand Slam,Outdoor,Clay,1st Round,5,Khachanov K.,Nagal S.,18,95.0,2090,635.0,6.0,2.0,6.0,0.0,7.0,6.0,,,,,3.0,0.0,Completed,1.11,6.5,1.15,6.53,1.15,6.69,1.13,6.11,khachanov,nagal,paris masters
32,Paris,French Open,5/27/2024,Grand Slam,Outdoor,Clay,1st Round,5,Zverev A.,Nadal R.,4,275.0,6305,205.0,6.0,3.0,7.0,6.0,6.0,3.0,,,,,3.0,0.0,Completed,1.3,3.5,1.31,3.81,1.34,3.81,1.31,3.49,zverev,nadal,paris masters
32,Paris,French Open,5/27/2024,Grand Slam,Outdoor,Clay,1st Round,5,Kotov P.,Norrie C.,56,33.0,892,1230.0,4.0,6.0,6.0,3.0,3.0,6.0,7.0,6.0,6.0,2.0,3.0,2.0,Completed,2.75,1.44,2.99,1.45,3.06,1.49,2.85,1.43,kotov,norrie,paris masters
32,Paris,French Open,5/27/2024,Grand Slam,Outdoor,Clay,1st Round,5,Cerundolo F.,Hanfmann Y.,27,85.0,1590,697.0,6.0,3.0,6.0,3.0,6.0,4.0,,,,,3.0,0.0,Completed,1.3,3.5,1.34,3.56,1.34,4.11,1.32,3.47,cerundolo,hanfmann,paris masters
32,Paris,French Open,5/27/2024,Grand Slam,Outdoor,Clay,1st Round,5,Misolic F.,Virtanen O.,243,156.0,255,387.0,4.0,6.0,4.0,6.0,6.0,3.0,6.0,4.0,6.0,2.0,3.0,2.0,Completed,1.5,2.63,1.59,2.54,1.59,2.63,1.54,2.5,misolic,virtanen,paris masters
32,Paris,French Open,5/27/2024,Grand Slam,Outdoor,Clay,1st Round,5,Tiafoe F.,Bellucci M.,26,173.0,1630,349.0,6.0,3.0,3.0,6.0,6.0,7.0,6.0,4.0,6.0,4.0,3.0,2.0,Completed,1.29,3.75,1.31,3.8,1.35,3.8,1.31,3.55,tiafoe,bellucci,paris masters
32,Paris,French Open,5/27/2024,Grand Slam,Outdoor,Clay,1st Round,5,Musetti L.,Galan D.E.,30,106.0,1370,609.0,6.0,3.0,6.0,3.0,7.0,5.0,,,,,3.0,0.0,Completed,1.13,6.0,1.16,6.07,1.22,6.25,1.15,5.65,musetti,galan,paris masters
32,Paris,French Open,5/27/2024,Grand Slam,Outdoor,Clay,1st Round,5,Paul T.,Cachin P.,14,108.0,2655,584.0,6.0,2.0,6.0,3.0,6.0,1.0,,,,,3.0,0.0,Completed,1.1,7.0,1.12,7.82,1.13,8.3,1.1,7.14,paul,cachin,paris masters
32,Paris,French Open,5/27/2024,Grand Slam,Outdoor,Clay,1st Round,5,Shapovalov D.,Van Assche L.,118,103.0,540,613.0,6.0,3.0,6.0,4.0,6.0,4.0,,,,,3.0,0.0,Completed,1.67,2.2,1.63,2.45,1.68,2.56,1.61,2.34,shapovalov,assche,paris masters
32,Paris,French Open,5/27/2024,Grand Slam,Outdoor,Clay,1st Round,5,Kecmanovic M.,Monteiro T.,57,86.0,880,685.0,6.0,2.0,6.0,1.0,4.0,6.0,7.0,5.0,,,3.0,1.0,Completed,1.8,2.0,1.88,2.03,1.89,2.03,1.84,1.97,kecmanovic,monteiro,paris masters
32,Paris,French Open,5/27/2024,Grand Slam,Outdoor,Clay,1st Round,5,Lajovic D.,Safiullin R.,61,42.0,831,1087.0,4.0,6.0,7.0,5.0,6.0,4.0,6.0,7.0,6.0,4.0,3.0,2.0,Completed,1.62,2.3,1.67,2.35,1.68,2.35,1.64,2.29,lajovic,safiullin,paris masters
32,Paris,French Open,5/27/2024,Grand Slam,Outdoor,Clay,1st Round,5,Monfils G.,Seyboth Wild T.,37,58.0,1155,855.0,6.0,2.0,3.0,6.0,6.0,3.0,6.0,4.0,,,3.0,1.0,Completed,2.3,1.62,2.34,1.68,2.36,1.68,2.27,1.65,monfils,wild,paris masters
32,Paris,French Open,5/27/2024,Grand Slam,Outdoor,Clay,1st Round,5,Fognini F.,Van De Zandschulp B.,93,102.0,648,618.0,6.0,1.0,6.0,1.0,7.0,5.0,,,,,3.0,0.0,Completed,2.75,1.44,2.72,1.52,2.75,1.54,2.65,1.49,fognini,zandschulp,paris masters
32,Paris,French Open,5/27/2024,Grand Slam,Outdoor,Clay,1st Round,5,Medvedev D.,Koepfer D.,5,65.0,6295,807.0,6.0,3.0,6.0,4.0,5.0,7.0,6.0,3.0,,,3.0,1.0,Completed,1.2,4.5,1.22,4.9,1.22,5.19,1.2,4.66,medvedev,koepfer,paris masters
32,Paris,French Open,5/28/2024,Grand Slam,Outdoor,Clay,1st Round,5,Etcheverry T.,Cazaux A.,29,77.0,1550,725.0,3.0,6.0,6.0,2.0,6.0,1.0,6.0,4.0,,,3.0,1.0,Completed,1.2,4.5,1.22,4.85,1.23,4.85,1.2,4.54,etcheverry,cazaux,paris masters
32,Paris,French Open,5/28/2024,Grand Slam,Outdoor,Clay,1st Round,5,Ruud C.,Meligeni Alves F.,7,137.0,4425,490.0,6.0,3.0,6.0,4.0,6.0,3.0,,,,,3.0,0.0,Completed,1.06,10.0,1.06,13.63,1.07,13.63,1.05,10.54,ruud,alves,paris masters
32,Paris,French Open,5/28/2024,Grand Slam,Outdoor,Clay,1st Round,5,Machac T.,Borges N.,34,47.0,1185,1006.0,7.0,6.0,6.0,4.0,6.0,3.0,,,,,3.0,0.0,Completed,1.62,2.3,1.63,2.43,1.63,2.46,1.6,2.38,machac,borges,paris masters
32,Paris,French Open,5/28/2024,Grand Slam,Outdoor,Clay,1st Round,5,Davidovich Fokina A.,Vacherot V.,32,116.0,1280,543.0,4.0,6.0,6.0,2.0,6.0,2.0,7.0,6.0,,,3.0,1.0,Completed,1.2,4.5,1.25,4.41,1.26,4.54,1.22,4.27,fokina,vacherot,paris masters
32,Paris,French Open,5/28/2024,Grand Slam,Outdoor,Clay,1st Round,5,Munar J.,Bautista Agut R.,64,81.0,810,715.0,6.0,1.0,4.0,6.0,6.0,4.0,6.0,1.0,,,3.0,1.0,Completed,1.67,2.2,1.69,2.3,1.8,2.3,1.69,2.2,munar,agut,paris masters
32,Paris,French Open,5/28/2024,Grand Slam,Outdoor,Clay,1st Round,5,De Minaur A.,Michelsen A.,11,60.0,3490,835.0,6.0,1.0,6.0,0.0,6.0,2.0,,,,,3.0,0.0,Completed,1.08,8.0,1.11,8.0,1.14,8.0,1.1,7.13,minaur,michelsen,paris masters
32,Paris,French Open,5/28/2024,Grand Slam,Outdoor,Clay,1st Round,5,Navone M.,Carreno Busta P.,31,1049.0,1339,11.0,5.0,7.0,6.0,1.0,6.0,3.0,6.0,0.0,,,3.0,1.0,Completed,1.13,6.0,1.19,5.43,1.19,6.0,1.16,5.39,navone,busta,paris masters
32,Paris,French Open,5/28/2024,Grand Slam,Outdoor,Clay,1st Round,5,Rinderknech A.,Walton A.,69,96.0,772,635.0,6.0,2.0,6.0,4.0,7.0,5.0,,,,,3.0,0.0,Completed,1.14,5.5,1.19,5.48,1.19,5.5,1.17,5.13,rinderknech,walton,paris masters
32,Paris,French Open,5/28/2024,Grand Slam,Outdoor,Clay,1st Round,5,Fritz T.,Coria F.,12,71.0,2980,761.0,2.0,6.0,6.0,1.0,6.0,2.0,6.0,1.0,,,3.0,1.0,Completed,1.14,5.5,1.14,6.86,1.15,7.0,1.13,6.09,fritz,coria,paris masters
32,Paris,French Open,5/28/2024,Grand Slam,Outdoor,Clay,1st Round,5,Goffin D.,Mpetshi G.,115,66.0,543,786.0,4.0,6.0,6.0,4.0,6.0,3.0,6.0,7.0,6.0,3.0,3.0,2.0,Completed,2.3,1.62,2.23,1.74,2.39,1.74,2.24,1.66,goffin,mpetshi,paris masters
32,Paris,French Open,5/28/2024,Grand Slam,Outdoor,Clay,1st Round,5,Cobolli F.,Medjedovic H.,53,135.0,940,492.0,6.0,2.0,6.0,3.0,6.0,7.0,6.0,3.0,,,3.0,1.0,Completed,2.5,1.53,2.64,1.55,2.64,1.56,2.53,1.53,cobolli,medjedovic,paris masters
32,Paris,French Open,5/28/2024,Grand Slam,Outdoor,Clay,1st Round,5,Struff J.L.,Burruchaga R.,41,144.0,1090,431.0,6.0,3.0,6.0,2.0,6.0,1.0,,,,,3.0,0.0,Completed,1.14,5.5,1.13,7.41,1.22,7.41,1.14,5.99,struff,burruchaga,paris masters
32,Paris,French Open,5/28/2024,Grand Slam,Outdoor,Clay,1st Round,5,Rune H.,Evans D.,13,62.0,2700,831.0,6.0,4.0,6.0,4.0,6.0,4.0,,,,,3.0,0.0,Completed,1.08,8.0,1.09,9.41,1.14,9.41,1.09,7.84,rune,evans,paris masters
32,Paris,French Open,5/28/2024,Grand Slam,Outdoor,Clay,1st Round,5,Zeppieri G.,Mannarino A.,148,22.0,420,1865.0,4.0,6.0,6.0,2.0,6.0,1.0,6.0,2.0,,,3.0,1.0,Completed,1.22,4.33,1.23,4.71,1.27,4.71,1.23,4.28,zeppieri,mannarino,paris masters
32,Paris,French Open,5/28/2024,Grand Slam,Outdoor,Clay,1st Round,5,Darderi L.,Hijikata R.,40,78.0,1092,723.0,6.0,3.0,7.0,6.0,6.0,1.0,,,,,3.0,0.0,Completed,1.06,10.0,1.1,9.24,1.12,10.0,1.08,8.14,darderi,hijikata,paris masters
32,Paris,French Open,5/28/2024,Grand Slam,Outdoor,Clay,1st Round,5,Kokkinakis T.,Popyrin A.,100,51.0,623,961.0,4.0,6.0,7.0,6.0,6.0,3.0,5.0,7.0,6.0,3.0,3.0,2.0,Completed,2.0,1.8,2.04,1.87,2.05,1.88,1.98,1.83,kokkinakis,popyrin,paris masters
32,Paris,French Open,5/28/2024,Grand Slam,Outdoor,Clay,1st Round,5,Carballes Baena R.,Lestienne C.,63,91.0,816,669.0,6.0,3.0,7.0,5.0,4.0,6.0,6.0,2.0,,,3.0,1.0,Completed,1.14,5.5,1.17,6.01,1.18,6.01,1.15,5.44,baena,lestienne,paris masters
32,Paris,French Open,5/28/2024,Grand Slam,Outdoor,Clay,1st Round,5,Griekspoor T.,Mcdonald M.,25,74.0,1635,735.0,6.0,3.0,6.0,4.0,1.0,6.0,6.0,2.0,,,3.0,1.0,Completed,1.1,7.0,1.13,7.48,1.16,7.48,1.12,6.58,griekspoor,mcdonald,paris masters
32,Paris,French Open,5/28/2024,Grand Slam,Outdoor,Clay,1st Round,5,Djokovic N.,Herbert P.H.,1,142.0,9960,450.0,6.0,4.0,7.0,6.0,6.0,4.0,,,,,3.0,0.0,Completed,1.02,21.0,1.02,28.68,1.03,28.68,1.02,17.79,djokovic,herbert,paris masters
32,Paris,French Open,5/28/2024,Grand Slam,Outdoor,Clay,1st Round,5,Bublik A.,Barrere G.,17,112.0,2110,575.0,6.0,4.0,7.0,5.0,6.0,3.0,,,,,3.0,0.0,Completed,1.91,1.91,2.08,1.84,2.08,2.03,1.9,1.92,bublik,barrere,paris masters
32,Paris,French Open,5/29/2024,Grand Slam,Outdoor,Clay,2nd Round,5,Tsitsipas S.,Altmaier D.,9,83.0,3700,702.0,6.0,3.0,6.0,2.0,6.0,7.0,6.0,4.0,,,3.0,1.0,Completed,1.05,11.0,1.07,12.24,1.08,12.24,1.06,9.61,tsitsipas,altmaier,paris masters
32,Paris,French Open,5/29/2024,Grand Slam,Outdoor,Clay,2nd Round,5,Alcaraz C.,De Jong J.,3,176.0,7300,344.0,6.0,3.0,6.0,4.0,2.0,6.0,6.0,2.0,,,3.0,1.0,Completed,1.01,26.0,1.01,43.94,1.03,43.94,1.01,22.91,alcaraz,jong,paris masters
32,Paris,French Open,5/29/2024,Grand Slam,Outdoor,Clay,2nd Round,5,Rublev A.,Martinez P.,6,48.0,4700,995.0,6.0,3.0,6.0,4.0,6.0,3.0,,,,,3.0,0.0,Completed,1.13,6.0,1.13,7.12,1.14,7.24,1.12,6.39,rublev,martinez,paris masters
32,Paris,French Open,5/29/2024,Grand Slam,Outdoor,Clay,2nd Round,5,Kotov P.,Wawrinka S.,56,98.0,892,628.0,7.0,6.0,6.0,4.0,1.0,6.0,7.0,6.0,,,3.0,1.0,Completed,1.62,2.3,1.56,2.61,1.63,2.61,1.57,2.43,kotov,wawrinka,paris masters
32,Paris,French Open,5/29/2024,Grand Slam,Outdoor,Clay,2nd Round,5,Sinner J.,Gasquet R.,2,124.0,8770,515.0,6.0,4.0,6.0,2.0,6.0,4.0,,,,,3.0,0.0,Completed,1.02,19.0,1.03,23.35,1.09,23.35,1.03,15.54,sinner,gasquet,paris masters
32,Paris,French Open,5/30/2024,Grand Slam,Outdoor,Clay,2nd Round,5,Arnaldi M.,Muller A.,35,90.0,1165,670.0,6.0,4.0,6.0,1.0,6.0,3.0,,,,,3.0,0.0,Completed,1.57,2.38,1.56,2.61,1.58,2.61,1.53,2.5,arnaldi,muller,paris masters
32,Paris,French Open,5/30/2024,Grand Slam,Outdoor,Clay,2nd Round,5,Korda S.,Kwon S.W.,28,494.0,1565,85.0,6.0,4.0,6.0,4.0,1.0,6.0,6.0,3.0,,,3.0,1.0,Completed,1.14,5.5,1.18,5.74,1.18,5.8,1.15,5.37,korda,kwon,paris masters
32,Paris,French Open,5/30/2024,Grand Slam,Outdoor,Clay,2nd Round,5,Shapovalov D.,Tiafoe F.,118,26.0,540,1630.0,6.0,7.0,6.0,4.0,6.0,2.0,6.0,4.0,,,3.0,1.0,Completed,1.53,2.5,1.55,2.63,1.57,2.63,1.54,2.49,shapovalov,tiafoe,paris masters
32,Paris,French Open,5/30/2024,Grand Slam,Outdoor,Clay,2nd Round,5,Ofner S.,Baez S.,45,20.0,1038,1990.0,3.0,6.0,3.0,6.0,6.0,4.0,7.0,5.0,7.0,6.0,3.0,2.0,Completed,4.5,1.2,4.54,1.24,4.59,1.25,4.33,1.22,ofner,baez,paris masters
32,Paris,French Open,5/30/2024,Grand Slam,Outdoor,Clay,2nd Round,5,Bergs Z.,Marterer M.,104,101.0,611,622.0,3.0,6.0,6.0,3.0,6.0,1.0,6.0,3.0,,,3.0,1.0,Completed,1.4,3.0,1.45,2.98,1.45,3.11,1.41,2.92,bergs,marterer,paris masters
32,Paris,French Open,5/30/2024,Grand Slam,Outdoor,Clay,2nd Round,5,Hurkacz H.,Nakashima B.,8,84.0,3885,700.0,6.0,7.0,6.0,1.0,6.0,3.0,7.0,6.0,,,3.0,1.0,Completed,1.3,3.5,1.35,3.55,1.36,3.55,1.33,3.37,hurkacz,nakashima,paris masters
32,Paris,French Open,5/30/2024,Grand Slam,Outdoor,Clay,2nd Round,5,Dimitrov G.,Marozsan F.,10,43.0,3555,1083.0,6.0,0.0,6.0,3.0,6.0,4.0,,,,,3.0,0.0,Completed,1.3,3.5,1.37,3.41,1.37,3.53,1.34,3.31,dimitrov,marozsan,paris masters
32,Paris,French Open,5/30/2024,Grand Slam,Outdoor,Clay,2nd Round,5,Auger-Aliassime F.,Squire H.,21,221.0,1885,280.0,6.0,4.0,4.0,6.0,6.0,3.0,6.0,2.0,,,3.0,1.0,Completed,1.06,10.0,1.09,9.62,1.09,10.0,1.07,8.63,auger-aliassime,squire,paris masters
32,Paris,French Open,5/30/2024,Grand Slam,Outdoor,Clay,2nd Round,5,Zhang Zh.,Sonego L.,44,49.0,1056,991.0,7.0,5.0,3.0,6.0,6.0,1.0,6.0,4.0,,,3.0,1.0,Completed,1.91,1.91,1.97,1.93,2.0,1.9,1.93,1.86,zhang,sonego,paris masters
32,Paris,French Open,5/30/2024,Grand Slam,Outdoor,Clay,2nd Round,5,Zverev A.,Goffin D.,4,115.0,6305,543.0,7.0,6.0,6.0,2.0,6.0,2.0,,,,,3.0,0.0,Completed,1.03,15.0,1.05,15.36,1.06,15.36,1.04,12.04,zverev,goffin,paris masters
32,Paris,French Open,5/30/2024,Grand Slam,Outdoor,Clay,2nd Round,5,Djokovic N.,Carballes Baena R.,1,63.0,9960,816.0,6.0,4.0,6.0,1.0,6.0,2.0,,,,,3.0,0.0,Completed,1.03,17.0,1.04,16.93,1.05,18.0,1.03,13.61,djokovic,baena,paris masters
32,Paris,French Open,5/30/2024,Grand Slam,Outdoor,Clay,2nd Round,5,Moutet C.,Shevchenko A.,79,59.0,720,855.0,6.0,4.0,6.0,2.0,0.0,6.0,6.0,3.0,,,3.0,1.0,Completed,1.44,2.75,1.5,2.81,1.5,2.85,1.45,2.76,moutet,shevchenko,paris masters
32,Paris,French Open,5/30/2024,Grand Slam,Outdoor,Clay,2nd Round,5,De Minaur A.,Munar J.,11,64.0,3490,810.0,7.0,5.0,6.0,1.0,6.0,4.0,,,,,3.0,0.0,Completed,1.3,3.5,1.32,3.76,1.32,3.82,1.3,3.59,minaur,munar,paris masters
32,Paris,French Open,5/30/2024,Grand Slam,Outdoor,Clay,2nd Round,5,Paul T.,Fognini F.,14,93.0,2655,648.0,6.0,1.0,6.0,0.0,6.0,2.0,,,,,3.0,0.0,Completed,1.17,5.0,1.2,5.15,1.26,5.3,1.19,4.8,paul,fognini,paris masters
32,Paris,French Open,5/30/2024,Grand Slam,Outdoor,Clay,2nd Round,5,Rune H.,Cobolli F.,13,53.0,2700,940.0,6.0,4.0,6.0,3.0,3.0,6.0,3.0,6.0,7.0,6.0,3.0,2.0,Completed,1.44,2.75,1.48,2.86,1.5,2.86,1.45,2.76,rune,cobolli,paris masters
32,Paris,French Open,5/30/2024,Grand Slam,Outdoor,Clay,2nd Round,5,Machac T.,Navone M.,34,31.0,1185,1339.0,6.0,2.0,6.0,1.0,3.0,6.0,1.0,6.0,6.0,1.0,3.0,2.0,Completed,1.67,2.2,1.73,2.24,1.73,2.31,1.67,2.22,machac,navone,paris masters
32,Paris,French Open,5/30/2024,Grand Slam,Outdoor,Clay,2nd Round,5,Kokkinakis T.,Zeppieri G.,100,148.0,623,420.0,1.0,6.0,4.0,6.0,6.0,3.0,7.0,6.0,6.0,2.0,3.0,2.0,Completed,1.67,2.2,1.69,2.3,1.71,2.3,1.68,2.21,kokkinakis,zeppieri,paris masters
32,Paris,French Open,5/30/2024,Grand Slam,Outdoor,Clay,2nd Round,5,Kovalik J.,Khachanov K.,145,18.0,427,2090.0,4.0,6.0,4.0,6.0,6.0,4.0,6.0,3.0,6.0,4.0,3.0,2.0,Completed,8.0,1.08,10.78,1.08,10.78,1.16,8.23,1.08,kovalik,khachanov,paris masters
32,Paris,French Open,5/30/2024,Grand Slam,Outdoor,Clay,2nd Round,5,Struff J.L.,Bublik A.,41,17.0,1090,2110.0,6.0,2.0,6.0,2.0,6.0,3.0,,,,,3.0,0.0,Completed,1.29,3.75,1.29,4.05,1.36,4.09,1.28,3.78,struff,bublik,paris masters
32,Paris,French Open,5/30/2024,Grand Slam,Outdoor,Clay,2nd Round,5,Cerundolo F.,Misolic F.,27,243.0,1590,255.0,6.0,2.0,7.0,6.0,6.0,0.0,,,,,3.0,0.0,Completed,1.11,6.5,1.14,7.27,1.19,7.27,1.13,6.14,cerundolo,misolic,paris masters
32,Paris,French Open,5/30/2024,Grand Slam,Outdoor,Clay,2nd Round,5,Ruud C.,Davidovich Fokina A.,7,32.0,4425,1280.0,7.0,6.0,1.0,6.0,6.0,3.0,4.0,6.0,6.0,3.0,3.0,2.0,Completed,1.17,5.0,1.18,5.71,1.24,5.71,1.17,5.09,ruud,fokina,paris masters
32,Paris,French Open,5/30/2024,Grand Slam,Outdoor,Clay,2nd Round,5,Fritz T.,Lajovic D.,12,61.0,2980,831.0,6.0,3.0,3.0,6.0,6.0,3.0,6.0,4.0,,,3.0,1.0,Completed,1.17,5.0,1.21,5.06,1.22,5.24,1.19,4.75,fritz,lajovic,paris masters
32,Paris,French Open,5/30/2024,Grand Slam,Outdoor,Clay,2nd Round,5,Musetti L.,Monfils G.,30,37.0,1370,1155.0,7.0,5.0,6.0,1.0,6.0,4.0,,,,,3.0,0.0,Completed,1.44,2.75,1.44,3.01,1.52,3.01,1.45,2.77,musetti,monfils,paris masters
32,Paris,French Open,5/31/2024,Grand Slam,Outdoor,Clay,3rd Round,5,Arnaldi M.,Rublev A.,35,6.0,1165,4700.0,7.0,6.0,6.0,2.0,6.0,4.0,,,,,3.0,0.0,Completed,5.0,1.17,4.79,1.23,5.05,1.23,4.57,1.2,arnaldi,rublev,paris masters
32,Paris,French Open,5/31/2024,Grand Slam,Outdoor,Clay,3rd Round,5,Sinner J.,Kotov P.,2,56.0,8770,892.0,6.0,4.0,6.0,4.0,6.0,4.0,,,,,3.0,0.0,Completed,1.03,17.0,1.04,18.76,1.06,18.76,1.03,13.59,sinner,kotov,paris masters
32,Paris,French Open,5/31/2024,Grand Slam,Outdoor,Clay,3rd Round,5,Tsitsipas S.,Zhang Zh.,9,44.0,3700,1056.0,6.0,3.0,6.0,3.0,6.0,1.0,,,,,3.0,0.0,Completed,1.1,7.0,1.1,8.79,1.14,8.79,1.09,7.42,tsitsipas,zhang,paris masters
32,Paris,French Open,5/31/2024,Grand Slam,Outdoor,Clay,3rd Round,5,Moutet C.,Ofner S.,79,45.0,720,1038.0,3.0,6.0,6.0,4.0,6.0,4.0,6.0,1.0,,,3.0,1.0,Completed,1.36,3.2,1.38,3.35,1.39,3.35,1.35,3.21,moutet,ofner,paris masters
32,Paris,French Open,5/31/2024,Grand Slam,Outdoor,Clay,3rd Round,5,Alcaraz C.,Korda S.,3,28.0,7300,1565.0,6.0,4.0,7.0,6.0,6.0,3.0,,,,,3.0,0.0,Completed,1.1,7.0,1.11,8.29,1.13,8.29,1.1,7.11,alcaraz,korda,paris masters
32,Paris,French Open,6/1/2024,Grand Slam,Outdoor,Clay,3rd Round,5,De Minaur A.,Struff J.L.,11,41.0,3490,1090.0,4.0,6.0,6.0,4.0,6.0,3.0,6.0,3.0,,,3.0,1.0,Completed,1.8,2.0,1.92,1.99,1.92,2.0,1.86,1.95,minaur,struff,paris masters
32,Paris,French Open,6/1/2024,Grand Slam,Outdoor,Clay,3rd Round,5,Auger-Aliassime F.,Shelton B.,21,15.0,1885,2500.0,6.0,4.0,6.0,2.0,6.0,1.0,,,,,3.0,0.0,Completed,1.57,2.38,1.57,2.58,1.67,2.58,1.56,2.44,auger-aliassime,shelton,paris masters
32,Paris,French Open,6/1/2024,Grand Slam,Outdoor,Clay,3rd Round,5,Medvedev D.,Machac T.,5,34.0,6295,1185.0,7.0,6.0,7.0,5.0,1.0,6.0,6.0,4.0,,,3.0,1.0,Completed,1.3,3.5,1.36,3.44,1.36,3.6,1.33,3.35,medvedev,machac,paris masters
32,Paris,French Open,6/1/2024,Grand Slam,Outdoor,Clay,3rd Round,5,Hurkacz H.,Shapovalov D.,8,118.0,3885,540.0,6.0,3.0,7.0,6.0,4.0,6.0,6.0,1.0,,,3.0,1.0,Completed,1.4,3.0,1.43,3.05,1.46,3.05,1.42,2.92,hurkacz,shapovalov,paris masters
32,Paris,French Open,6/1/2024,Grand Slam,Outdoor,Clay,3rd Round,5,Rune H.,Kovalik J.,13,145.0,2700,427.0,7.0,5.0,6.0,1.0,7.0,6.0,,,,,3.0,0.0,Completed,1.11,6.5,1.13,7.19,1.15,7.19,1.12,6.4,rune,kovalik,paris masters
32,Paris,French Open,6/1/2024,Grand Slam,Outdoor,Clay,3rd Round,5,Cerundolo F.,Paul T.,27,14.0,1590,2655.0,3.0,6.0,6.0,3.0,6.0,3.0,6.0,2.0,,,3.0,1.0,Completed,2.3,1.62,2.36,1.67,2.4,1.7,2.25,1.66,cerundolo,paul,paris masters
32,Paris,French Open,6/1/2024,Grand Slam,Outdoor,Clay,3rd Round,5,Fritz T.,Kokkinakis T.,12,100.0,2980,623.0,6.0,3.0,6.0,2.0,6.0,7.0,5.0,7.0,6.0,3.0,3.0,2.0,Completed,1.14,5.5,1.14,6.59,1.17,7.53,1.14,5.81,fritz,kokkinakis,paris masters
32,Paris,French Open,6/1/2024,Grand Slam,Outdoor,Clay,3rd Round,5,Dimitrov G.,Bergs Z.,10,104.0,3555,611.0,6.0,3.0,7.0,6.0,4.0,6.0,6.0,4.0,,,3.0,1.0,Completed,1.2,4.5,1.2,5.28,1.23,5.28,1.19,4.83,dimitrov,bergs,paris masters
32,Paris,French Open,6/1/2024,Grand Slam,Outdoor,Clay,3rd Round,5,Ruud C.,Etcheverry T.,7,29.0,4425,1550.0,6.0,4.0,1.0,6.0,6.0,2.0,6.0,2.0,,,3.0,1.0,Completed,1.22,4.33,1.23,4.65,1.26,4.65,1.22,4.27,ruud,etcheverry,paris masters
32,Paris,French Open,6/1/2024,Grand Slam,Outdoor,Clay,3rd Round,5,Djokovic N.,Musetti L.,1,30.0,9960,1370.0,7.0,5.0,6.0,7.0,2.0,6.0,6.0,3.0,6.0,0.0,3.0,2.0,Completed,1.2,4.5,1.22,4.86,1.25,4.89,1.2,4.57,djokovic,musetti,paris masters
32,Paris,French Open,6/2/2024,Grand Slam,Outdoor,Clay,4th Round,5,Tsitsipas S.,Arnaldi M.,9,35.0,3700,1165.0,3.0,6.0,7.0,6.0,6.0,2.0,6.0,2.0,,,3.0,1.0,Completed,1.17,5.0,1.22,4.97,1.28,5.05,1.2,4.65,tsitsipas,arnaldi,paris masters
32,Paris,French Open,6/2/2024,Grand Slam,Outdoor,Clay,4th Round,5,Alcaraz C.,Auger-Aliassime F.,3,21.0,7300,1885.0,6.0,3.0,6.0,3.0,6.0,1.0,,,,,3.0,0.0,Completed,1.11,6.5,1.12,7.55,1.16,7.55,1.12,6.56,alcaraz,auger-aliassime,paris masters
32,Paris,French Open,6/2/2024,Grand Slam,Outdoor,Clay,4th Round,5,Dimitrov G.,Hurkacz H.,10,8.0,3555,3885.0,7.0,6.0,6.0,4.0,7.0,6.0,,,,,3.0,0.0,Completed,1.62,2.3,1.59,2.53,1.65,2.53,1.59,2.38,dimitrov,hurkacz,paris masters
32,Paris,French Open,6/2/2024,Grand Slam,Outdoor,Clay,4th Round,5,Sinner J.,Moutet C.,2,79.0,8770,720.0,2.0,6.0,6.0,3.0,6.0,2.0,6.0,1.0,,,3.0,1.0,Completed,1.05,11.0,1.05,14.36,1.08,14.36,1.05,10.75,sinner,moutet,paris masters
32,Paris,French Open,6/3/2024,Grand Slam,Outdoor,Clay,4th Round,5,De Minaur A.,Medvedev D.,11,5.0,3490,6295.0,4.0,6.0,6.0,2.0,6.0,1.0,6.0,3.0,,,3.0,1.0,Completed,2.38,1.57,2.39,1.65,2.5,1.65,2.36,1.59,minaur,medvedev,paris masters
32,Paris,French Open,6/3/2024,Grand Slam,Outdoor,Clay,4th Round,5,Djokovic N.,Cerundolo F.,1,27.0,9960,1590.0,6.0,1.0,5.0,7.0,3.0,6.0,7.0,5.0,6.0,3.0,3.0,2.0,Completed,1.14,5.5,1.19,5.55,1.19,5.75,1.16,5.27,djokovic,cerundolo,paris masters
32,Paris,French Open,6/3/2024,Grand Slam,Outdoor,Clay,4th Round,5,Ruud C.,Fritz T.,7,12.0,4425,2980.0,7.0,6.0,3.0,6.0,6.0,4.0,6.0,2.0,,,3.0,1.0,Completed,1.36,3.2,1.33,3.69,1.4,3.69,1.32,3.41,ruud,fritz,paris masters
32,Paris,French Open,6/4/2024,Grand Slam,Outdoor,Clay,Quarterfinals,5,Sinner J.,Dimitrov G.,2,10.0,8770,3555.0,6.0,2.0,6.0,4.0,7.0,6.0,,,,,3.0,0.0,Completed,1.2,4.5,1.21,5.08,1.23,5.08,1.2,4.66,sinner,dimitrov,paris masters
32,Paris,French Open,6/4/2024,Grand Slam,Outdoor,Clay,Quarterfinals,5,Alcaraz C.,Tsitsipas S.,3,9.0,7300,3700.0,6.0,3.0,7.0,6.0,6.0,4.0,,,,,3.0,0.0,Completed,1.2,4.5,1.25,4.4,1.26,4.5,1.23,4.25,alcaraz,tsitsipas,paris masters
32,Paris,French Open,6/5/2024,Grand Slam,Outdoor,Clay,Quarterfinals,5,Zverev A.,De Minaur A.,4,11.0,6305,3490.0,6.0,4.0,7.0,6.0,6.0,4.0,,,,,3.0,0.0,Completed,1.36,3.2,1.4,3.23,1.46,3.4,1.37,3.11,zverev,minaur,paris masters
32,Paris,French Open,6/7/2024,Grand Slam,Outdoor,Clay,Semifinals,5,Alcaraz C.,Sinner J.,3,2.0,7300,8770.0,2.0,6.0,6.0,3.0,3.0,6.0,6.0,4.0,6.0,3.0,3.0,2.0,Completed,1.62,2.3,1.68,2.28,1.73,2.3,1.67,2.22,alcaraz,sinner,paris masters
32,Paris,French Open,6/7/2024,Grand Slam,Outdoor,Clay,Semifinals,5,Zverev A.,Ruud C.,4,7.0,6305,4425.0,2.0,6.0,6.0,2.0,6.0,4.0,6.0,2.0,,,3.0,1.0,Completed,1.8,2.0,1.81,2.08,1.82,2.13,1.79,2.03,zverev,ruud,paris masters
32,Paris,French Open,6/9/2024,Grand Slam,Outdoor,Clay,The Final,5,Alcaraz C.,Zverev A.,3,4.0,7300,6305.0,6.0,3.0,2.0,6.0,5.0,7.0,6.0,1.0,6.0,2.0,3.0,2.0,Completed,1.33,3.4,1.36,3.32,1.39,3.4,1.35,3.26,alcaraz,zverev,paris masters
33,Stuttgart,Stuttgart Open,6/11/2024,ATP250,Outdoor,Grass,1st Round,3,Musetti L.,Mpetshi G.,30,66.0,1290,786.0,7.0,6.0,7.0,6.0,,,,,,,2.0,0.0,Completed,1.67,2.2,1.78,2.09,1.78,2.22,1.72,2.1,musetti,mpetshi,stuttgart
36,Queens Club,Queen's Club Championships,6/18/2024,ATP500,Outdoor,Grass,1st Round,3,Mpetshi G.,Shelton B.,67,14.0,787,2590.0,6.0,3.0,7.0,6.0,,,,,,,2.0,0.0,Completed,2.38,1.57,2.75,1.5,2.75,1.59,2.44,1.54,mpetshi,shelton,queen's club
36,Queens Club,Queen's Club Championships,6/20/2024,ATP500,Outdoor,Grass,2nd Round,3,Harris B.,Mpetshi G.,162,67.0,366,787.0,6.0,4.0,7.0,5.0,,,,,,,2.0,0.0,Completed,2.3,1.62,2.23,1.74,2.4,1.74,2.21,1.65,harris,mpetshi,queen's club
39,London,Wimbledon,7/2/2024,Grand Slam,Outdoor,Grass,1st Round,5,Mpetshi G.,Korda S.,58,21.0,853,1795.0,7.0,6.0,6.0,7.0,7.0,6.0,6.0,7.0,6.0,3.0,3.0,2.0,Completed,4.33,1.22,4.78,1.23,4.84,1.25,4.35,1.21,mpetshi,korda,wimbledon
39,London,Wimbledon,7/2/2024,Grand Slam,Outdoor,Grass,1st Round,5,Fritz T.,O Connell C.,12,79.0,3350,733.0,6.0,1.0,6.0,2.0,6.0,4.0,,,,,3.0,0.0,Completed,1.05,11.0,1.07,12.2,1.1,12.2,1.06,9.6,fritz,connell,wimbledon
39,London,Wimbledon,7/3/2024,Grand Slam,Outdoor,Grass,1st Round,5,Kokkinakis T.,Auger-Aliassime F.,93,17.0,639,2075.0,4.0,6.0,5.0,7.0,7.0,6.0,6.0,4.0,6.0,4.0,3.0,2.0,Completed,3.2,1.36,3.29,1.39,3.29,1.4,3.09,1.37,kokkinakis,auger-aliassime,wimbledon
39,London,Wimbledon,7/4/2024,Grand Slam,Outdoor,Grass,2nd Round,5,Mpetshi G.,Nishioka Y.,58,90.0,853,659.0,6.0,4.0,6.0,1.0,6.0,2.0,,,,,3.0,0.0,Completed,1.53,2.5,1.61,2.47,1.61,2.51,1.58,2.4,mpetshi,nishioka,wimbledon
39,London,Wimbledon,7/6/2024,Grand Slam,Outdoor,Grass,3rd Round,5,Mpetshi G.,Ruusuvuori E.,58,87.0,853,683.0,4.0,6.0,6.0,2.0,7.0,6.0,6.0,4.0,,,3.0,1.0,Completed,1.73,2.1,1.81,2.12,1.83,2.15,1.76,2.07,mpetshi,ruusuvuori,wimbledon
39,London,Wimbledon,7/8/2024,Grand Slam,Outdoor,Grass,4th Round,5,Musetti L.,Mpetshi G.,25,58.0,1620,853.0,4.0,6.0,6.0,3.0,6.0,3.0,6.0,2.0,,,3.0,1.0,Completed,1.91,1.91,1.88,2.02,1.95,2.03,1.88,1.92,musetti,mpetshi,wimbledon
41,Gstaad,Suisse Open Gstaad,7/15/2024,ATP250,Outdoor,Clay,1st Round,3,Struff J.L.,Ramos-Vinolas A.,37,97.0,1235,635.0,7.0,6.0,7.0,6.0,,,,,,,2.0,0.0,Completed,1.17,5.0,1.16,5.96,1.18,5.96,1.16,5.19,struff,ramos-vinolas,gstaad
41,Gstaad,Suisse Open Gstaad,7/18/2024,ATP250,Outdoor,Clay,2nd Round,3,Auger-Aliassime F.,Hanfmann Y.,18,111.0,2075,556.0,7.0,6.0,6.0,2.0,,,,,,,2.0,0.0,Completed,1.44,2.75,1.48,2.87,1.48,2.95,1.43,2.77,auger-aliassime,hanfmann,gstaad
41,Gstaad,Suisse Open Gstaad,7/19/2024,ATP250,Outdoor,Clay,Quarterfinals,3,Berrettini M.,Auger-Aliassime F.,82,18.0,715,2075.0,7.0,6.0,7.0,6.0,,,,,,,2.0,0.0,Completed,1.57,2.38,1.65,2.4,1.65,2.41,1.61,2.28,berrettini,auger-aliassime,gstaad
44,Atlanta,Atlanta Open,7/24/2024,ATP250,Outdoor,Hard,1st Round,3,Purcell M.,O Connell C.,66,93.0,795,653.0,4.0,6.0,7.0,5.0,6.0,2.0,,,,,2.0,1.0,Completed,1.62,2.3,1.66,2.35,1.67,2.35,1.62,2.25,purcell,connell,atlanta
46,Umag,Croatia Open,7/24/2024,ATP250,Outdoor,Clay,2nd Round,3,Tseng C. H.,Fognini F.,159,70.0,388,769.0,6.0,1.0,6.0,0.0,,,,,,,2.0,0.0,Completed,3.0,1.4,2.95,1.46,3.13,1.46,2.87,1.4,c.,fognini,umag
46,Umag,Croatia Open,7/25/2024,ATP250,Outdoor,Clay,Quarterfinals,3,Mensik J.,Tseng C. H.,81,159.0,721,388.0,6.0,0.0,6.0,4.0,,,,,,,2.0,0.0,Completed,1.36,3.2,1.4,3.2,1.4,3.2,1.37,3.03,mensik,c.,umag
47,Washington,Citi Open,7/29/2024,ATP500,Outdoor,Hard,1st Round,3,O Connell C.,Mayot H.,94,114.0,653,520.0,6.0,4.0,7.0,6.0,,,,,,,2.0,0.0,Completed,1.91,1.91,1.94,1.94,1.94,1.99,1.88,1.91,connell,mayot,washington
47,Washington,Citi Open,7/30/2024,ATP500,Outdoor,Hard,2nd Round,3,Nakashima B.,O Connell C.,54,94.0,915,653.0,6.0,2.0,6.0,2.0,,,,,,,2.0,0.0,Completed,1.4,3.0,1.38,3.35,1.42,3.35,1.38,3.01,nakashima,connell,washington
47,Washington,Citi Open,7/31/2024,ATP500,Outdoor,Hard,2nd Round,3,Mpetshi G.,Ruusuvuori E.,49,71.0,1002,773.0,7.0,6.0,7.0,6.0,,,,,,,2.0,0.0,Completed,2.2,1.67,2.19,1.76,2.2,1.76,2.11,1.7,mpetshi,ruusuvuori,washington
47,Washington,Citi Open,8/1/2024,ATP500,Outdoor,Hard,3rd Round,3,Thompson J.,Mpetshi G.,33,49.0,1331,1002.0,7.0,5.0,6.0,4.0,,,,,,,2.0,0.0,Completed,1.73,2.1,1.81,2.11,1.81,2.11,1.78,2.02,thompson,mpetshi,washington
48,Montreal,Canadian Open,8/6/2024,Masters 1000,Outdoor,Hard,1st Round,3,Sonego L.,Griekspoor T.,57,40.0,881,1220.0,7.0,6.0,5.0,7.0,6.0,4.0,,,,,2.0,1.0,Completed,2.3,1.62,2.35,1.66,2.44,1.67,2.29,1.62,sonego,griekspoor,montreal
48,Montreal,Canadian Open,8/6/2024,Masters 1000,Outdoor,Hard,1st Round,3,Nishikori K.,Michelsen A.,576,55.0,60,915.0,3.0,6.0,7.0,5.0,6.0,4.0,,,,,2.0,1.0,Completed,3.5,1.3,3.55,1.34,3.55,1.36,3.36,1.32,nishikori,michelsen,montreal
48,Montreal,Canadian Open,8/6/2024,Masters 1000,Outdoor,Hard,1st Round,3,Etcheverry T.,Jarry N.,38,24.0,1255,1710.0,7.0,6.0,6.0,7.0,6.0,2.0,,,,,2.0,1.0,Completed,1.73,2.1,1.77,2.15,1.8,2.25,1.74,2.1,etcheverry,jarry,montreal
48,Montreal,Canadian Open,8/6/2024,Masters 1000,Outdoor,Hard,1st Round,3,Borges N.,Kecmanovic M.,43,50.0,1176,975.0,5.0,7.0,6.0,4.0,6.0,4.0,,,,,2.0,1.0,Completed,2.38,1.57,2.31,1.68,2.4,1.68,2.28,1.62,borges,kecmanovic,montreal
48,Montreal,Canadian Open,8/6/2024,Masters 1000,Outdoor,Hard,1st Round,3,Khachanov K.,Diallo G.,22,141.0,1830,436.0,6.0,4.0,6.0,4.0,,,,,,,2.0,0.0,Completed,1.4,3.0,1.5,2.78,1.51,3.0,1.47,2.69,khachanov,diallo,montreal
48,Montreal,Canadian Open,8/7/2024,Masters 1000,Outdoor,Hard,1st Round,3,Carreno Busta P.,Marozsan F.,799,49.0,27,1016.0,6.0,7.0,7.0,6.0,6.0,3.0,,,,,2.0,1.0,Completed,3.5,1.3,3.55,1.34,3.55,1.36,3.36,1.32,busta,marozsan,montreal
48,Montreal,Canadian Open,8/7/2024,Masters 1000,Outdoor,Hard,1st Round,3,Rune H.,Bautista Agut R.,17,72.0,2300,745.0,6.0,1.0,6.0,3.0,,,,,,,2.0,0.0,Completed,,,,,,,,,rune,agut,montreal
48,Montreal,Canadian Open,8/7/2024,Masters 1000,Outdoor,Hard,1st Round,3,Tabilo A.,Tiafoe F.,21,27.0,1918,1515.0,6.0,4.0,6.0,2.0,,,,,,,2.0,0.0,Completed,2.3,1.62,2.29,1.69,2.34,1.7,2.24,1.64,tabilo,tiafoe,montreal
48,Montreal,Canadian Open,8/7/2024,Masters 1000,Outdoor,Hard,1st Round,3,Thompson J.,Draper J.,30,28.0,1341,1511.0,7.0,5.0,6.0,2.0,,,,,,,2.0,0.0,Completed,3.2,1.36,3.34,1.37,3.34,1.43,3.17,1.36,thompson,draper,montreal
48,Montreal,Canadian Open,8/7/2024,Masters 1000,Outdoor,Hard,1st Round,3,Paul T.,Darderi L.,12,32.0,3375,1331.0,6.0,4.0,7.0,6.0,,,,,,,2.0,0.0,Completed,1.13,6.0,1.14,6.72,1.17,7.0,1.14,5.93,paul,darderi,montreal
48,Montreal,Canadian Open,8/7/2024,Masters 1000,Outdoor,Hard,1st Round,3,Hijikata R.,Daniel T.,74,87.0,741,669.0,6.0,1.0,7.0,5.0,,,,,,,2.0,0.0,Completed,2.3,1.62,2.31,1.68,2.32,1.68,2.24,1.65,hijikata,daniel,montreal
48,Montreal,Canadian Open,8/7/2024,Masters 1000,Outdoor,Hard,1st Round,3,Arnaldi M.,Mcdonald M.,46,93.0,1155,636.0,4.0,6.0,6.0,4.0,6.0,4.0,,,,,2.0,1.0,Completed,1.8,2.0,1.86,2.03,1.86,2.12,1.83,1.98,arnaldi,mcdonald,montreal
48,Montreal,Canadian Open,8/7/2024,Masters 1000,Outdoor,Hard,1st Round,3,Shelton B.,Bublik A.,14,25.0,2950,1650.0,7.0,6.0,6.0,2.0,,,,,,,2.0,0.0,Completed,1.5,2.63,1.55,2.6,1.55,2.63,1.51,2.58,shelton,bublik,montreal
48,Montreal,Canadian Open,8/7/2024,Masters 1000,Outdoor,Hard,1st Round,3,Davidovich Fokina A.,Safiullin R.,42,66.0,1195,785.0,6.0,2.0,7.0,5.0,,,,,,,2.0,0.0,Completed,1.91,1.91,1.98,1.91,1.99,1.93,1.9,1.9,fokina,safiullin,montreal
48,Montreal,Canadian Open,8/7/2024,Masters 1000,Outdoor,Hard,1st Round,3,Humbert U.,Fils A.,15,23.0,2360,1770.0,6.0,2.0,6.0,2.0,,,,,,,2.0,0.0,Completed,1.62,2.3,1.65,2.35,1.65,2.35,1.62,2.27,humbert,fils,montreal
48,Montreal,Canadian Open,8/7/2024,Masters 1000,Outdoor,Hard,1st Round,3,Coric B.,Martinez P.,94,45.0,622,1168.0,6.0,4.0,6.0,4.0,,,,,,,2.0,0.0,Completed,1.33,3.4,1.41,3.13,1.42,3.4,1.37,3.11,coric,martinez,montreal
48,Montreal,Canadian Open,8/7/2024,Masters 1000,Outdoor,Hard,1st Round,3,Nakashima B.,Shapovalov D.,52,106.0,935,550.0,6.0,4.0,7.0,5.0,,,,,,,2.0,0.0,Completed,2.1,1.73,2.16,1.76,2.23,1.85,2.04,1.78,nakashima,shapovalov,montreal
48,Montreal,Canadian Open,8/7/2024,Masters 1000,Outdoor,Hard,1st Round,3,Duckworth J.,Giron M.,80,37.0,723,1265.0,6.0,4.0,6.0,1.0,,,,,,,2.0,0.0,Completed,2.63,1.5,2.55,1.57,2.79,1.57,2.49,1.53,duckworth,giron,montreal
48,Montreal,Canadian Open,8/7/2024,Masters 1000,Outdoor,Hard,1st Round,3,Popyrin A.,Machac T.,62,39.0,821,1229.0,6.0,3.0,6.0,4.0,,,,,,,2.0,0.0,Completed,2.3,1.62,2.25,1.71,2.3,1.71,2.22,1.66,popyrin,machac,montreal
48,Montreal,Canadian Open,8/7/2024,Masters 1000,Outdoor,Hard,1st Round,3,Fritz T.,Navone M.,13,36.0,3330,1292.0,6.0,4.0,6.0,1.0,,,,,,,2.0,0.0,Completed,1.06,10.0,1.06,12.13,1.11,12.13,1.06,9.43,fritz,navone,montreal
48,Montreal,Canadian Open,8/7/2024,Masters 1000,Outdoor,Hard,1st Round,3,Rinderknech A.,Mannarino A.,65,31.0,786,1340.0,6.0,4.0,2.0,6.0,6.0,4.0,,,,,2.0,1.0,Completed,1.5,2.63,1.56,2.57,1.56,2.63,1.52,2.53,rinderknech,mannarino,montreal
48,Montreal,Canadian Open,8/8/2024,Masters 1000,Outdoor,Hard,1st Round,3,Cobolli F.,Auger-Aliassime F.,33,19.0,1323,2115.0,6.0,3.0,6.0,2.0,,,,,,,2.0,0.0,Completed,4.0,1.25,4.07,1.28,4.07,1.31,3.78,1.27,cobolli,auger-aliassime,montreal
48,Montreal,Canadian Open,8/8/2024,Masters 1000,Outdoor,Hard,1st Round,3,Kokkinakis T.,Monfils G.,81,34.0,697,1315.0,6.0,3.0,6.0,3.0,,,,,,,2.0,0.0,Completed,1.73,2.1,1.84,2.05,1.84,2.12,1.78,2.04,kokkinakis,monfils,montreal
48,Montreal,Canadian Open,8/8/2024,Masters 1000,Outdoor,Hard,2nd Round,3,Borges N.,Humbert U.,43,15.0,1176,2360.0,3.0,6.0,7.0,6.0,7.0,6.0,,,,,2.0,1.0,Completed,3.2,1.36,3.46,1.36,3.46,1.36,3.26,1.34,borges,humbert,montreal
48,Montreal,Canadian Open,8/8/2024,Masters 1000,Outdoor,Hard,2nd Round,3,Davidovich Fokina A.,Medvedev D.,42,5.0,1195,6525.0,6.0,4.0,1.0,6.0,6.0,2.0,,,,,2.0,1.0,Completed,5.0,1.17,5.32,1.2,5.32,1.21,4.87,1.18,fokina,medvedev,montreal
48,Montreal,Canadian Open,8/8/2024,Masters 1000,Outdoor,Hard,2nd Round,3,Nakashima B.,Paul T.,52,12.0,935,3375.0,6.0,2.0,6.0,7.0,6.0,1.0,,,,,2.0,1.0,Completed,3.2,1.36,3.37,1.37,3.37,1.42,3.06,1.38,nakashima,paul,montreal
48,Montreal,Canadian Open,8/8/2024,Masters 1000,Outdoor,Hard,2nd Round,3,Nishikori K.,Tsitsipas S.,576,11.0,60,3465.0,6.0,4.0,6.0,4.0,,,,,,,2.0,0.0,Completed,4.33,1.22,4.79,1.23,4.79,1.25,4.38,1.21,nishikori,tsitsipas,montreal
48,Montreal,Canadian Open,8/8/2024,Masters 1000,Outdoor,Hard,2nd Round,3,Rublev A.,Etcheverry T.,8,38.0,3975,1255.0,7.0,6.0,6.0,2.0,,,,,,,2.0,0.0,Completed,1.29,3.75,1.35,3.55,1.35,3.75,1.31,3.45,rublev,etcheverry,montreal
48,Montreal,Canadian Open,8/8/2024,Masters 1000,Outdoor,Hard,2nd Round,3,Zverev A.,Thompson J.,4,30.0,6845,1341.0,6.0,1.0,6.0,1.0,,,,,,,2.0,0.0,Completed,1.29,3.75,1.32,3.87,1.35,3.87,1.3,3.58,zverev,thompson,montreal
48,Montreal,Canadian Open,8/8/2024,Masters 1000,Outdoor,Hard,2nd Round,3,Dimitrov G.,Hijikata R.,10,74.0,3600,741.0,6.0,1.0,6.0,0.0,,,,,,,2.0,0.0,Completed,1.25,4.0,1.27,4.25,1.27,4.25,1.24,4.06,dimitrov,hijikata,montreal
48,Montreal,Canadian Open,8/8/2024,Masters 1000,Outdoor,Hard,2nd Round,3,Arnaldi M.,Khachanov K.,46,22.0,1155,1830.0,7.0,5.0,7.0,5.0,,,,,,,2.0,0.0,Completed,2.3,1.62,2.33,1.68,2.38,1.69,2.27,1.63,arnaldi,khachanov,montreal
48,Montreal,Canadian Open,8/8/2024,Masters 1000,Outdoor,Hard,2nd Round,3,Ruud C.,Duckworth J.,9,80.0,3880,723.0,6.0,2.0,6.0,7.0,6.0,3.0,,,,,2.0,1.0,Completed,1.33,3.4,1.36,3.45,1.36,3.6,1.31,3.42,ruud,duckworth,montreal
48,Montreal,Canadian Open,8/8/2024,Masters 1000,Outdoor,Hard,2nd Round,3,Sinner J.,Coric B.,1,94.0,9570,622.0,6.0,2.0,6.0,4.0,,,,,,,2.0,0.0,Completed,1.1,7.0,1.07,12.01,1.1,12.01,1.07,8.6,sinner,coric,montreal
48,Montreal,Canadian Open,8/8/2024,Masters 1000,Outdoor,Hard,2nd Round,3,Rune H.,Carreno Busta P.,17,799.0,2300,27.0,6.0,1.0,6.0,3.0,,,,,,,2.0,0.0,Completed,1.3,3.5,1.34,3.6,1.37,3.7,1.31,3.47,rune,busta,montreal
48,Montreal,Canadian Open,8/8/2024,Masters 1000,Outdoor,Hard,2nd Round,3,Popyrin A.,Shelton B.,62,14.0,821,2950.0,6.0,4.0,7.0,6.0,,,,,,,2.0,0.0,Completed,2.5,1.53,2.56,1.58,2.6,1.58,2.5,1.53,popyrin,shelton,montreal
48,Montreal,Canadian Open,8/8/2024,Masters 1000,Outdoor,Hard,2nd Round,3,Tabilo A.,Sonego L.,21,57.0,1918,881.0,6.0,4.0,6.0,2.0,,,,,,,2.0,0.0,Completed,1.57,2.38,1.59,2.52,1.62,2.52,1.58,2.36,tabilo,sonego,montreal
48,Montreal,Canadian Open,8/10/2024,Masters 1000,Outdoor,Hard,2nd Round,3,Korda S.,Fritz T.,18,13.0,2270,3330.0,6.0,4.0,7.0,6.0,,,,,,,2.0,0.0,Completed,2.3,1.62,2.45,1.62,2.48,1.67,2.33,1.6,korda,fritz,montreal
48,Montreal,Canadian Open,8/10/2024,Masters 1000,Outdoor,Hard,2nd Round,3,Hurkacz H.,Kokkinakis T.,6,81.0,4105,697.0,4.0,6.0,6.0,3.0,7.0,6.0,,,,,2.0,1.0,Completed,1.73,2.1,1.74,2.22,1.75,2.23,1.72,2.14,hurkacz,kokkinakis,montreal
48,Montreal,Canadian Open,8/10/2024,Masters 1000,Outdoor,Hard,2nd Round,3,Rinderknech A.,Cobolli F.,65,33.0,786,1323.0,6.0,3.0,6.0,2.0,,,,,,,2.0,0.0,Completed,2.38,1.57,2.41,1.64,2.41,1.64,2.33,1.61,rinderknech,cobolli,montreal
48,Montreal,Canadian Open,8/10/2024,Masters 1000,Outdoor,Hard,3rd Round,3,Rublev A.,Nakashima B.,8,52.0,3975,935.0,6.0,2.0,6.0,2.0,,,,,,,2.0,0.0,Completed,1.53,2.5,1.6,2.51,1.61,2.51,1.54,2.45,rublev,nakashima,montreal
48,Montreal,Canadian Open,8/10/2024,Masters 1000,Outdoor,Hard,3rd Round,3,Nishikori K.,Borges N.,576,43.0,60,1176.0,6.0,3.0,6.0,4.0,,,,,,,2.0,0.0,Completed,2.3,1.62,2.39,1.65,2.39,1.7,2.27,1.64,nishikori,borges,montreal
48,Montreal,Canadian Open,8/10/2024,Masters 1000,Outdoor,Hard,3rd Round,3,Popyrin A.,Dimitrov G.,62,10.0,821,3600.0,4.0,6.0,7.0,6.0,6.0,3.0,,,,,2.0,1.0,Completed,3.4,1.33,3.5,1.35,3.5,1.38,3.34,1.33,popyrin,dimitrov,montreal
48,Montreal,Canadian Open,8/10/2024,Masters 1000,Outdoor,Hard,3rd Round,3,Sinner J.,Tabilo A.,1,21.0,9570,1918.0,6.0,4.0,6.0,3.0,,,,,,,2.0,0.0,Completed,1.06,10.0,1.08,11.12,1.09,11.12,1.06,9.08,sinner,tabilo,montreal
48,Montreal,Canadian Open,8/10/2024,Masters 1000,Outdoor,Hard,3rd Round,3,Zverev A.,Rune H.,4,17.0,6845,2300.0,6.0,3.0,7.0,6.0,,,,,,,2.0,0.0,Completed,1.3,3.5,1.34,3.57,1.34,3.57,1.31,3.43,zverev,rune,montreal
48,Montreal,Canadian Open,8/10/2024,Masters 1000,Outdoor,Hard,3rd Round,3,Hurkacz H.,Rinderknech A.,6,65.0,4105,786.0,4.0,6.0,6.0,3.0,6.0,4.0,,,,,2.0,1.0,Completed,1.57,2.38,1.61,2.46,1.73,2.46,1.62,2.3,hurkacz,rinderknech,montreal
48,Montreal,Canadian Open,8/11/2024,Masters 1000,Outdoor,Hard,Quarterfinals,3,Rublev A.,Sinner J.,8,1.0,3975,9570.0,6.0,3.0,1.0,6.0,6.0,2.0,,,,,2.0,1.0,Completed,5.0,1.17,4.78,1.22,5.0,1.25,4.61,1.2,rublev,sinner,montreal
48,Montreal,Canadian Open,8/11/2024,Masters 1000,Outdoor,Hard,Quarterfinals,3,Arnaldi M.,Nishikori K.,46,576.0,1155,60.0,6.0,4.0,7.0,5.0,,,,,,,2.0,0.0,Completed,1.5,2.63,1.54,2.63,1.57,2.63,1.52,2.54,arnaldi,nishikori,montreal
48,Montreal,Canadian Open,8/11/2024,Masters 1000,Outdoor,Hard,Quarterfinals,3,Popyrin A.,Hurkacz H.,62,6.0,821,4105.0,3.0,6.0,7.0,6.0,7.0,5.0,,,,,2.0,1.0,Completed,2.3,1.62,2.34,1.68,2.46,1.72,2.25,1.64,popyrin,hurkacz,montreal
48,Montreal,Canadian Open,8/11/2024,Masters 1000,Outdoor,Hard,Quarterfinals,3,Korda S.,Zverev A.,18,4.0,2270,6845.0,7.0,6.0,1.0,6.0,6.0,4.0,,,,,2.0,1.0,Completed,3.4,1.33,3.48,1.36,3.48,1.38,3.23,1.34,korda,zverev,montreal
48,Montreal,Canadian Open,8/11/2024,Masters 1000,Outdoor,Hard,Semifinals,3,Rublev A.,Arnaldi M.,8,46.0,3975,1155.0,6.0,4.0,6.0,2.0,,,,,,,2.0,0.0,Completed,1.29,3.75,1.3,3.89,1.35,3.89,1.3,3.54,rublev,arnaldi,montreal
48,Montreal,Canadian Open,8/12/2024,Masters 1000,Outdoor,Hard,Semifinals,3,Popyrin A.,Korda S.,62,18.0,821,2270.0,7.0,6.0,6.0,3.0,,,,,,,2.0,0.0,Completed,3.0,1.4,3.35,1.37,3.35,1.41,3.03,1.38,popyrin,korda,montreal
48,Montreal,Canadian Open,8/13/2024,Masters 1000,Outdoor,Hard,The Final,3,Popyrin A.,Rublev A.,62,8.0,821,3975.0,6.0,2.0,6.0,4.0,,,,,,,2.0,0.0,Completed,3.4,1.33,3.18,1.41,3.4,1.41,3.13,1.37,popyrin,rublev,montreal
49,Cincinnati,Western & Southern Financial Group Masters,8/13/2024,Masters 1000,Outdoor,Hard,1st Round,3,Zhang Zh.,Mpetshi G.,44,48.0,1161,1052.0,6.0,3.0,7.0,6.0,,,,,,,2.0,0.0,Completed,1.8,2.0,1.88,2.02,1.91,2.02,1.84,1.95,zhang,mpetshi,cincinnati masters
49,Cincinnati,Western & Southern Financial Group Masters,8/14/2024,Masters 1000,Outdoor,Hard,1st Round,3,Auger-Aliassime F.,Kovacevic A.,19,79.0,2115,723.0,6.0,3.0,6.0,1.0,,,,,,,2.0,0.0,Completed,1.3,3.5,1.3,3.82,1.33,3.82,1.3,3.47,auger-aliassime,kovacevic,cincinnati masters
49,Cincinnati,Western & Southern Financial Group Masters,8/16/2024,Masters 1000,Outdoor,Hard,2nd Round,3,Auger-Aliassime F.,Ruud C.,19,8.0,2115,3890.0,6.0,3.0,6.0,1.0,,,,,,,2.0,0.0,Completed,1.62,2.3,1.65,2.39,1.68,2.39,1.62,2.28,auger-aliassime,ruud,cincinnati masters
49,Cincinnati,Western & Southern Financial Group Masters,8/17/2024,Masters 1000,Outdoor,Hard,3rd Round,3,Draper J.,Auger-Aliassime F.,28,19.0,1511,2115.0,5.0,7.0,6.0,4.0,6.0,4.0,,,,,2.0,1.0,Completed,2.1,1.73,2.26,1.71,2.27,1.74,2.17,1.68,draper,auger-aliassime,cincinnati masters
50,Winston-Salem,Winston-Salem Open at Wake Forest University,8/19/2024,ATP250,Outdoor,Hard,1st Round,3,O Connell C.,Kirchheimer S.,86,512.0,668,77.0,7.0,5.0,6.0,4.0,,,,,,,2.0,0.0,Completed,1.11,6.5,1.12,7.24,1.12,7.85,1.11,6.67,connell,kirchheimer,winston-salem
50,Winston-Salem,Winston-Salem Open at Wake Forest University,8/20/2024,ATP250,Outdoor,Hard,2nd Round,3,Rinderknech A.,O Connell C.,56,86.0,903,668.0,6.0,3.0,6.0,4.0,,,,,,,2.0,0.0,Completed,1.67,2.2,1.59,2.5,1.67,2.5,1.6,2.31,rinderknech,connell,winston-salem
51,New York,US Open,8/26/2024,Grand Slam,Outdoor,Hard,1st Round,5,Berrettini M.,Ramos-Vinolas A.,44,122.0,1160,483.0,7.0,6.0,6.0,2.0,6.0,3.0,,,,,3.0,0.0,Completed,1.01,26.0,1.02,28.24,1.03,28.24,1.01,19.11,berrettini,ramos-vinolas,us open
51,New York,US Open,8/26/2024,Grand Slam,Outdoor,Hard,1st Round,5,Ruud C.,Bu Y.,8,123.0,3855,483.0,7.0,6.0,6.0,2.0,6.0,2.0,,,,,3.0,0.0,Completed,1.25,4.0,1.25,4.46,1.26,4.46,1.24,4.14,ruud,bu,us open
51,New York,US Open,8/26/2024,Grand Slam,Outdoor,Hard,1st Round,5,Etcheverry T.,Mpetshi G.,33,52.0,1335,1062.0,6.0,4.0,6.0,2.0,6.0,3.0,,,,,3.0,0.0,Completed,1.62,2.3,1.65,2.38,1.71,2.38,1.63,2.29,etcheverry,mpetshi,us open
51,New York,US Open,8/27/2024,Grand Slam,Outdoor,Hard,1st Round,5,Mensik J.,Auger-Aliassime F.,65,19.0,812,2170.0,6.0,2.0,6.0,4.0,6.0,2.0,,,,,3.0,0.0,Completed,4.0,1.25,4.14,1.28,4.25,1.29,3.93,1.26,mensik,auger-aliassime,us open
51,New York,US Open,8/27/2024,Grand Slam,Outdoor,Hard,1st Round,5,O Connell C.,Jarry N.,87,26.0,671,1675.0,6.0,4.0,6.0,3.0,4.0,6.0,6.0,3.0,,,3.0,1.0,Completed,2.75,1.44,2.84,1.49,2.84,1.5,2.72,1.46,connell,jarry,us open
51,New York,US Open,8/29/2024,Grand Slam,Outdoor,Hard,2nd Round,5,O Connell C.,Bellucci M.,87,101.0,671,555.0,6.0,3.0,6.0,4.0,3.0,6.0,6.0,3.0,,,3.0,1.0,Completed,3.0,1.4,3.1,1.42,3.11,1.42,2.98,1.4,connell,bellucci,us open
51,New York,US Open,8/31/2024,Grand Slam,Outdoor,Hard,3rd Round,5,Sinner J.,O Connell C.,1,87.0,9360,671.0,6.0,1.0,6.0,4.0,6.0,2.0,,,,,3.0,0.0,Completed,1.01,26.0,1.03,21.16,1.03,26.0,1.02,16.87,sinner,connell,us open
52,Chengdu,Chengdu Open,9/18/2024,ATP250,Outdoor,Hard,1st Round,3,Mpetshi G.,Sun F.,51,359.0,1048,139.0,6.0,7.0,7.0,5.0,6.0,4.0,,,,,2.0,1.0,Completed,1.17,5.0,1.17,5.4,1.18,6.0,1.15,5.1,mpetshi,sun,chengdu
52,Chengdu,Chengdu Open,9/19/2024,ATP250,Outdoor,Hard,1st Round,3,O Connell C.,Kotov P.,75,61.0,720,864.0,6.0,4.0,7.0,5.0,,,,,,,2.0,0.0,Completed,1.67,2.2,1.7,2.24,1.7,2.28,1.66,2.19,connell,kotov,chengdu
52,Chengdu,Chengdu Open,9/20/2024,ATP250,Outdoor,Hard,2nd Round,3,Hanfmann Y.,Mpetshi G.,95,51.0,594,1048.0,6.0,4.0,3.0,6.0,6.0,3.0,,,,,2.0,1.0,Completed,1.91,1.91,1.96,1.93,2.01,1.93,1.91,1.87,hanfmann,mpetshi,chengdu
52,Chengdu,Chengdu Open,9/21/2024,ATP250,Outdoor,Hard,2nd Round,3,Musetti L.,O Connell C.,19,75.0,2345,720.0,6.0,7.0,6.0,4.0,7.0,6.0,,,,,2.0,1.0,Completed,1.67,2.2,1.8,2.11,1.8,2.44,1.65,2.2,musetti,connell,chengdu
53,Hangzhou,Hangzhou Open,9/19/2024,ATP250,Outdoor,Hard,1st Round,3,Bu Y.,Gaston H.,124,77.0,484,714.0,7.0,5.0,6.0,3.0,,,,,,,2.0,0.0,Completed,1.44,2.75,1.53,2.65,1.53,2.78,1.46,2.64,bu,gaston,hangzhou
53,Hangzhou,Hangzhou Open,9/20/2024,ATP250,Outdoor,Hard,2nd Round,3,Bu Y.,Khachanov K.,124,23.0,484,1930.0,7.0,6.0,4.0,6.0,6.0,3.0,,,,,2.0,1.0,Completed,2.75,1.44,2.65,1.55,2.78,1.55,2.62,1.48,bu,khachanov,hangzhou
53,Hangzhou,Hangzhou Open,9/22/2024,ATP250,Outdoor,Hard,Quarterfinals,3,Bu Y.,Kukushkin M.,124,112.0,484,515.0,6.0,4.0,6.0,2.0,,,,,,,2.0,0.0,Completed,1.53,2.5,1.59,2.52,1.66,2.52,1.55,2.42,bu,kukushkin,hangzhou
53,Hangzhou,Hangzhou Open,9/23/2024,ATP250,Outdoor,Hard,Semifinals,3,Zhang Zh.,Bu Y.,48,124.0,1105,484.0,7.0,6.0,6.0,4.0,,,,,,,2.0,0.0,Completed,1.57,2.38,1.68,2.33,1.68,2.46,1.57,2.37,zhang,bu,hangzhou
55,Tokyo,Japan Open Tennis Championships,9/26/2024,ATP500,Outdoor,Hard,1st Round,3,Nishioka Y.,Auger-Aliassime F.,59,21.0,849,2170.0,7.0,6.0,3.0,6.0,7.0,6.0,,,,,2.0,1.0,Completed,3.2,1.36,3.15,1.4,3.4,1.4,3.07,1.37,nishioka,auger-aliassime,tokyo
55,Tokyo,Japan Open Tennis Championships,9/26/2024,ATP500,Outdoor,Hard,1st Round,3,O Connell C.,Etcheverry T.,79,35.0,700,1370.0,6.0,4.0,7.0,6.0,,,,,,,2.0,0.0,Completed,1.73,2.1,1.83,2.08,1.83,2.11,1.76,2.03,connell,etcheverry,tokyo
55,Tokyo,Japan Open Tennis Championships,9/28/2024,ATP500,Outdoor,Hard,2nd Round,3,Michelsen A.,O Connell C.,49,79.0,1115,700.0,6.0,1.0,6.0,4.0,,,,,,,2.0,0.0,Completed,1.53,2.5,1.59,2.53,1.59,2.6,1.53,2.5,michelsen,connell,tokyo
54,Beijing,China Open,9/27/2024,ATP500,Outdoor,Hard,1st Round,3,Bu Y.,Shang J.,96,55.0,584,895.0,6.0,7.0,6.0,2.0,6.0,4.0,,,,,2.0,1.0,Completed,3.5,1.3,2.87,1.47,3.53,1.47,3.1,1.36,bu,shang,beijing
54,Beijing,China Open,9/27/2024,ATP500,Outdoor,Hard,1st Round,3,Alcaraz C.,Mpetshi G.,3,51.0,6690,1073.0,6.0,4.0,6.0,4.0,,,,,,,2.0,0.0,Completed,1.06,10.0,1.07,11.84,1.08,11.84,1.06,8.93,alcaraz,mpetshi,beijing
54,Beijing,China Open,9/29/2024,ATP500,Outdoor,Hard,2nd Round,3,Bu Y.,Musetti L.,96,19.0,584,2355.0,6.0,2.0,6.0,4.0,,,,,,,2.0,0.0,Completed,2.75,1.44,2.94,1.46,2.94,1.48,2.71,1.45,bu,musetti,beijing
54,Beijing,China Open,9/30/2024,ATP500,Outdoor,Hard,Quarterfinals,3,Bu Y.,Rublev A.,96,6.0,584,4645.0,7.0,5.0,6.0,4.0,,,,,,,2.0,0.0,Completed,3.5,1.3,4.09,1.27,4.09,1.31,3.67,1.27,bu,rublev,beijing
54,Beijing,China Open,10/1/2024,ATP500,Outdoor,Hard,Semifinals,3,Sinner J.,Bu Y.,1,96.0,11180,584.0,6.0,3.0,7.0,6.0,,,,,,,2.0,0.0,Completed,1.06,10.0,1.06,12.52,1.07,12.85,1.06,9.43,sinner,bu,beijing
56,Shanghai,Shanghai Masters,10/3/2024,Masters 1000,Outdoor,Hard,1st Round,3,Berrettini M.,O Connell C.,44,71.0,1215,765.0,7.0,6.0,7.0,6.0,,,,,,,2.0,0.0,Completed,1.36,3.2,1.4,3.19,1.4,3.3,1.35,3.15,berrettini,connell,shanghai masters
56,Shanghai,Shanghai Masters,10/3/2024,Masters 1000,Outdoor,Hard,1st Round,3,Wawrinka S.,Mpetshi G.,236,50.0,243,1073.0,7.0,6.0,7.0,6.0,,,,,,,2.0,0.0,Completed,2.1,1.73,2.1,1.81,2.25,1.81,2.11,1.71,wawrinka,mpetshi,shanghai masters
56,Shanghai,Shanghai Masters,10/4/2024,Masters 1000,Outdoor,Hard,1st Round,3,Michelsen A.,Bu Y.,43,69.0,1215,780.0,6.0,3.0,6.0,4.0,,,,,,,2.0,0.0,Completed,1.57,2.38,1.69,2.28,1.69,2.42,1.62,2.26,michelsen,bu,shanghai masters
56,Shanghai,Shanghai Masters,10/4/2024,Masters 1000,Outdoor,Hard,2nd Round,3,Muller A.,Auger-Aliassime F.,74,22.0,748,2170.0,6.0,3.0,6.0,2.0,,,,,,,2.0,0.0,Completed,4.0,1.25,3.83,1.3,4.0,1.3,3.65,1.27,muller,auger-aliassime,shanghai masters
57,Almaty,Almaty Open,10/15/2024,ATP250,Indoor,Hard,1st Round,3,Diallo G.,O Connell C.,118,72.0,497,762.0,7.0,6.0,6.0,2.0,,,,,,,2.0,0.0,Completed,1.8,2.0,1.94,1.94,1.94,2.0,1.87,1.91,diallo,connell,almaty
58,Antwerp,European Open,10/15/2024,ATP250,Indoor,Hard,1st Round,3,Seyboth Wild T.,Mpetshi G.,80,48.0,686,1076.0,7.0,6.0,6.0,3.0,,,,,,,2.0,0.0,Completed,2.1,1.73,2.14,1.78,2.14,1.86,2.04,1.76,wild,mpetshi,antwerp
58,Antwerp,European Open,10/16/2024,ATP250,Indoor,Hard,2nd Round,3,Auger-Aliassime F.,Fucsovics M.,21,93.0,2155,614.0,6.0,7.0,6.0,4.0,6.0,2.0,,,,,2.0,1.0,Completed,1.44,2.75,1.51,2.77,1.53,2.9,1.46,2.66,auger-aliassime,fucsovics,antwerp
58,Antwerp,European Open,10/18/2024,ATP250,Indoor,Hard,Quarterfinals,3,Bautista Agut R.,Auger-Aliassime F.,60,21.0,906,2155.0,3.0,6.0,6.0,2.0,7.0,6.0,,,,,2.0,1.0,Completed,3.4,1.33,3.39,1.37,3.44,1.37,3.24,1.33,agut,auger-aliassime,antwerp
60,Basel,Swiss Indoors,10/21/2024,ATP500,Indoor,Hard,1st Round,3,Mpetshi G.,Duckworth J.,50,69.0,1026,781.0,7.0,6.0,6.0,3.0,,,,,,,2.0,0.0,Completed,1.91,1.91,2.0,1.88,2.01,1.91,1.94,1.84,mpetshi,duckworth,basel
60,Basel,Swiss Indoors,10/23/2024,ATP500,Indoor,Hard,1st Round,3,Auger-Aliassime F.,Baez S.,19,26.0,2130,1725.0,7.0,5.0,6.0,1.0,,,,,,,2.0,0.0,Completed,1.1,7.0,1.13,6.97,1.13,7.03,1.11,6.21,auger-aliassime,baez,basel
60,Basel,Swiss Indoors,10/24/2024,ATP500,Indoor,Hard,2nd Round,3,Mpetshi G.,Auger-Aliassime F.,50,19.0,1026,2130.0,6.0,1.0,7.0,6.0,,,,,,,2.0,0.0,Completed,3.5,1.3,3.84,1.31,3.95,1.33,3.62,1.28,mpetshi,auger-aliassime,basel
60,Basel,Swiss Indoors,10/25/2024,ATP500,Indoor,Hard,Quarterfinals,3,Mpetshi G.,Shapovalov D.,50,95.0,1026,618.0,6.0,7.0,6.0,3.0,7.0,6.0,,,,,2.0,1.0,Completed,2.5,1.53,2.6,1.56,2.69,1.58,2.5,1.52,mpetshi,shapovalov,basel
60,Basel,Swiss Indoors,10/26/2024,ATP500,Indoor,Hard,Semifinals,3,Mpetshi G.,Rune H.,50,14.0,1026,2985.0,7.0,6.0,6.0,4.0,,,,,,,2.0,0.0,Completed,3.4,1.33,3.8,1.31,3.81,1.36,3.42,1.31,mpetshi,rune,basel
60,Basel,Swiss Indoors,10/27/2024,ATP500,Indoor,Hard,The Final,3,Mpetshi G.,Shelton B.,50,23.0,1026,2010.0,6.0,4.0,7.0,6.0,,,,,,,2.0,0.0,Completed,2.75,1.44,2.85,1.49,2.95,1.5,2.76,1.44,mpetshi,shelton,basel
62,Paris,BNP Paribas Masters,10/29/2024,Masters 1000,Indoor,Hard,1st Round,3,Mpetshi G.,Tiafoe F.,31,17.0,1519,2585.0,6.0,7.0,7.0,6.0,6.0,3.0,,,,,2.0,1.0,Completed,2.2,1.67,2.29,1.69,2.33,1.82,2.23,1.65,mpetshi,tiafoe,paris masters
62,Paris,BNP Paribas Masters,10/29/2024,Masters 1000,Indoor,Hard,1st Round,3,Khachanov K.,O Connell C.,21,71.0,2225,755.0,6.0,4.0,3.0,6.0,7.0,6.0,,,,,2.0,1.0,Completed,1.29,3.75,1.29,3.88,1.29,4.0,1.27,3.74,khachanov,connell,paris masters
62,Paris,BNP Paribas Masters,10/30/2024,Masters 1000,Indoor,Hard,2nd Round,3,Khachanov K.,Mpetshi G.,21,31.0,2225,1519.0,6.0,7.0,6.0,1.0,6.0,4.0,,,,,2.0,1.0,Completed,1.73,2.1,1.8,2.13,1.8,2.19,1.73,2.08,khachanov,mpetshi,paris masters
63,Belgrade,Belgrade Open,11/4/2024,ATP250,Indoor,Hard,1st Round,3,O Connell C.,Kecmanovic M.,71,53.0,765,1021.0,6.0,1.0,6.0,1.0,,,,,,,2.0,0.0,Completed,3.0,1.4,2.89,1.46,3.0,1.47,2.78,1.43,connell,kecmanovic,belgrade
63,Belgrade,Belgrade Open,11/6/2024,ATP250,Indoor,Hard,2nd Round,3,O Connell C.,Altmaier D.,71,93.0,765,625.0,6.0,3.0,6.0,1.0,,,,,,,2.0,0.0,Completed,1.53,2.5,1.55,2.64,1.55,2.64,1.51,2.51,connell,altmaier,belgrade
63,Belgrade,Belgrade Open,11/7/2024,ATP250,Indoor,Hard,Quarterfinals,3,Shapovalov D.,O Connell C.,78,71.0,718,765.0,6.0,2.0,6.0,2.0,,,,,,,2.0,0.0,Completed,1.5,2.63,1.52,2.71,1.55,2.71,1.5,2.55,shapovalov,connell,belgrade
64,Metz,Open de Moselle,11/5/2024,ATP250,Indoor,Hard,1st Round,3,Bu Y.,Mannarino A.,72,54.0,749,1019.0,7.0,6.0,6.0,4.0,,,,,,,2.0,0.0,Completed,2.0,1.8,1.89,2.0,2.01,2.0,1.89,1.89,bu,mannarino,metz
64,Metz,Open de Moselle,11/6/2024,ATP250,Indoor,Hard,2nd Round,3,Bu Y.,De Jong J.,72,109.0,749,541.0,6.0,4.0,7.0,6.0,,,,,,,2.0,0.0,Completed,1.4,3.0,1.5,2.81,1.5,3.0,1.44,2.75,bu,jong,metz
64,Metz,Open de Moselle,11/7/2024,ATP250,Indoor,Hard,Quarterfinals,3,Michelsen A.,Bu Y.,44,72.0,1245,749.0,6.0,7.0,6.0,2.0,6.0,4.0,,,,,2.0,1.0,Completed,1.5,2.63,1.57,2.59,1.57,2.75,1.48,2.6,michelsen,bu,metz
